id,name,label,wiki_url,properties
1,Andrew Giuliani,Person,https://vi.wikipedia.org/wiki/Andrew_Giuliani,"{""Nhiệm kỳ"": ""ngày 6 tháng 3 năm 2017 –"", ""Sinh"": [""30 tháng 1, 1986"", ""(39 tuổi)"", ""New York City"", "","", ""New York"", "","", ""Hoa Kỳ""], ""Đảng chính trị"": ""Republican"", ""Alma mater"": ""Duke University""}"
2,Christian Wulff,Person,https://vi.wikipedia.org/wiki/Christian_Wulff,"{""Thủ tướng"": ""Angela Merkel"", ""Tiền nhiệm"": ""Sigmar Gabriel"", ""Kế nhiệm"": ""David McAllister"", ""Sinh"": [""16 tháng 9"", ""năm"", ""1959"", ""(66 tuổi)"", ""Osnabrück"", "","", ""Tây Đức""], ""Đảng chính trị"": ""Liên minh Dân chủ Thiên Chúa giáo"", ""Phối ngẫu"": [""Christiane Vogt"", ""(1988–2006)"", ""Bettina Körner"", ""(từ năm 2008)""], ""Con cái"": [""Annalena"", ""Linus""], ""Alma mater"": ""Đại học Osnabrück"", ""Chữ ký"": """"}"
3,Beau Biden,Person,https://vi.wikipedia.org/wiki/Beau_Biden,"{""Thống đốc"": [""Ruth Ann Minner"", ""Jack Markell""], ""Tiền nhiệm"": ""Carl Danberg"", ""Kế nhiệm"": ""Matthew Denn"", ""Sinh"": [""Joseph Robinette Biden III"", ""("", ""1969-02-03"", "")"", ""3 tháng 2, 1969"", ""Wilmington, Delaware"", "","", ""Hoa Kỳ""], ""Mất"": [""30 tháng 5, 2015"", ""(2015-05-30)"", ""(46 tuổi)"", ""Bethesda, Maryland"", "","", ""Hoa Kỳ""], ""Nguyên nhân mất"": ""U nguyên bào đệm"", ""Đảng chính trị"": ""Đảng Dân chủ"", ""Phối ngẫu"": ""Hallie Olivere (cưới 2002)"", ""Con cái"": ""2"", ""Cha mẹ"": [""Joe Biden"", ""(bố)"", ""Neilia Hunter"", ""(mẹ)""], ""Người thân"": ""Xem Gia đình Biden"", ""Giáo dục"": [""Đại học Pennsylvania"", ""("", ""BA"", "")"", ""Đại học Syracuse"", ""("", ""JD"", "")""], ""Website"": ""Official website"", ""Thuộc"": ""Hoa Kỳ"", ""Phục vụ"": ""Lục quân Hoa Kỳ Lực lượng Vệ binh Quốc gia Quân đội Delaware"", ""Năm tại ngũ"": ""2002–2015"", ""Cấp bậc"": ""Major"", ""Đơn vị"": ""261st Signal Brigade"", ""Tham chiến"": ""Chiến tranh Iraq"", ""Tặng thưởng"": [""Legion of Merit"", ""Bronze Star Medal""]}"
4,Brett Kavanaugh,Person,https://vi.wikipedia.org/wiki/Brett_Kavanaugh,"{""Đề cử bởi"": ""George W. Bush"", ""Tiền nhiệm"": ""Harriet Miers"", ""Kế nhiệm"": ""Raul F. Yanes"", ""Tổng thống"": ""George W. Bush"", ""Sinh"": [""Brett Michael Kavanaugh"", ""12 tháng 2, 1965"", ""(60 tuổi)"", ""Washington, D.C."", "", Hoa Kỳ""], ""Phối ngẫu"": ""Ashley Estes (cưới 2004)"", ""Con cái"": ""2 [ 1 ]"", ""Giáo dục"": ""Đại học Yale ( BA , JD )""}"
5,Boris Nikolayevich Yeltsin,Person,https://vi.wikipedia.org/wiki/Boris_Nikolayevich_Yeltsin,"{""Thủ tướng"": [""Ivan Silayev"", ""Oleg Lobov"", ""(Quyền)"", ""Yegor Gaidar"", ""(Quyền)"", ""Viktor Chernomyrdin"", ""Sergey Kiriyenko"", ""Yevgeny Primakov"", ""Sergei Stepashin"", ""Vladimir Putin""], ""Tiền nhiệm"": ""Vitaly Vorotnikov"", ""Kế nhiệm"": ""Ruslan Khasbulatov (Quyền)"", ""Sinh"": [""Boris Nikolayevich Yeltsin"", ""Борис Николаевич Ельцин"", ""1 tháng 2 năm 1931"", ""Butka"", "","", ""Ural Oblast"", "","", ""Cộng hoà Xã hội Chủ nghĩa Xô viết Liên bang Nga"", "","", ""Liên Xô""], ""Mất"": [""23 tháng 4, 2007"", ""(2007-04-23)"", ""(76 tuổi)"", ""Moskva"", "","", ""Nga""], ""Đảng chính trị"": [""Đảng Cộng sản Liên Xô"", ""(1961–1990)"", ""Độc lập"", ""(sau 1990)""], ""Phối ngẫu"": ""Naina Yeltsina"", ""Con cái"": [""Tatyana Borisovna Dyachenko"", ""Elena Borisovna Okulova""], ""Alma mater"": ""Đại học Công nghệ Quốc gia Ural"", ""Chữ ký"": """"}"
6,Dick Cheney,Person,https://vi.wikipedia.org/wiki/Dick_Cheney,"{""Tổng thống"": ""Gerald Ford"", ""Tiền nhiệm"": ""Donald Rumsfeld"", ""Kế nhiệm"": ""Hamilton Jordan"", ""Cấp phó"": ""Donald J. Atwood Jr."", ""Lãnh đạo"": ""Robert H. Michel"", ""Sinh"": [""30 tháng 1, 1941"", ""Lincoln, Nebraska"", "", Hoa Kỳ"", ""["", ""1"", ""]""], ""Mất"": [""3 tháng 11, 2025"", ""(2025-11-03)"", ""(84 tuổi)"", ""Northern Virginia"", "", Hoa Kỳ""], ""Đảng chính trị"": ""Cộng hòa"", ""Phối ngẫu"": ""Lynne Cheney (kết hôn 1964–nay)"", ""Con cái"": [""Liz Cheney"", ""Mary Cheney""], ""Cư trú"": [""McLean, Virginia"", ""["", ""cần dẫn nguồn"", ""]"", ""Jackson, Wyoming"", ""["", ""cần dẫn nguồn"", ""]""], ""Alma mater"": [""Đại học Yale"", ""Đại học Wyoming"", ""(BA,"", ""Master of Arts"", "")"", ""University of Wisconsin–Madison""], ""Chuyên môn"": [""Chính khách"", ""Doanh nhân""], ""Chữ ký"": """"}"
7,Dmitry Anatolyevich Medvedev,Person,https://vi.wikipedia.org/wiki/Dmitry_Anatolyevich_Medvedev,"{""Chủ tịch"": ""Vladimir Putin"", ""Tiền nhiệm"": ""Boris Gryzlov"", ""Tổng thống"": ""Vladimir Putin"", ""Kế nhiệm"": ""Vladimir Putin"", ""Thủ tướng"": ""Vladimir Putin"", ""Sinh"": [""Dmitry Anatolyevich Medvedev"", ""14 tháng 9, 1965"", ""(60 tuổi)"", ""Leningrad"", "","", ""Nga Xô viết"", "","", ""Liên Xô""], ""Đảng chính trị"": [""Đảng Cộng sản Liên Xô"", ""(Trước 1991)"", ""Đảng Nước Nga Thống nhất"", ""(2011–nay)""], ""Phối ngẫu"": ""Svetlana Linnik (1993-nay)"", ""Con cái"": ""1"", ""Alma mater"": ""Đại học Tổng hợp Saint-Petersburg"", ""Chữ ký"": """", ""Website"": ""da-medvedev.ru""}"
8,Bill Clinton,Person,https://vi.wikipedia.org/wiki/Bill_Clinton,"{""Phó Tổng thống"": ""Al Gore"", ""Tiền nhiệm"": ""Jim Guy Tucker"", ""Kế nhiệm"": ""Steve Clark"", ""Phó Thống đốc"": ""Joe Purcell"", ""Thống đốc"": ""David Pryor Joe Purcell (Quyền)"", ""Sinh"": [""William Jefferson Blythe III"", ""19 tháng 8, 1946"", ""(79 tuổi)"", ""Hope"", "","", ""Arkansas"", "","", ""Hoa Kỳ""], ""Đảng chính trị"": ""Đảng Dân chủ"", ""Phối ngẫu"": ""Hillary Rodham (cưới 1975 )"", ""Con cái"": ""Chelsea Clinton"", ""Cha mẹ"": ""William Jefferson Blythe Jr. Virginia Cassidy"", ""Giáo dục"": [""Đại học Georgetown"", ""("", ""Trường Dịch vụ Đối ngoại"", "")"", ""Đại học Oxford"", ""("", ""Trường University College"", "")"", ""Đại học Yale"", ""("", ""Trường Luật"", "")""], ""Chữ ký"": """"}"
9,Angela Merkel,Person,https://vi.wikipedia.org/wiki/Angela_Merkel,"{""Tổng thống"": [""Horst Köhler"", ""Christian Wulff"", ""Joachim Gauck"", ""Frank-Walter Steinmeier""], ""Phó Thủ tướng"": [""Franz Müntefering"", ""Frank-Walter Steinmeier"", ""Guido Westerwelle"", ""Philipp Rösler"", ""Sigmar Gabriel"", ""Olaf Scholz""], ""Tiền nhiệm"": ""Ursula Lehr"", ""Kế nhiệm"": ""Claudia Nolte"", ""Thủ tướng"": ""Helmut Kohl"", ""Sinh"": [""17 tháng 7"", ""năm"", ""1954"", ""(71 tuổi)"", ""Hamburg"", "","", ""Tây Đức""], ""Đảng chính trị"": [""Thức tỉnh Dân chủ"", ""(1989-1990)"", ""Liên minh Dân chủ Cơ đốc"", ""(1990-nay)""], ""Phối ngẫu"": [""Ulrich Merkel (1977-1982)"", ""Joachim Sauer"", ""(1998-nay)""], ""Alma mater"": ""Đại học Leipzig"", ""Tôn giáo"": ""Luther"", ""Chữ ký"": """"}"
10,Barack Obama,Person,https://vi.wikipedia.org/wiki/Barack_Obama,"{""Phó Tổng thống"": ""Joe Biden"", ""Tiền nhiệm"": ""Alice Palmer"", ""Kế nhiệm"": ""Kwame Raoul"", ""Sinh"": [""Barack Hussein Obama II"", ""4 tháng 8, 1961"", ""(64 tuổi)"", ""Honolulu, Hawaii"", "", Hoa Kỳ""], ""Đảng chính trị"": ""Dân chủ"", ""Phối ngẫu"": ""Michelle Robinson (cưới 1992 )"", ""Con cái"": ""Malia Sasha"", ""Cha mẹ"": ""Barack Obama Sr. Ann Dunham"", ""Người thân"": ""Gia đình của Barack Obama"", ""Cư trú"": ""Kalorama (Washington, D.C.)"", ""Giáo dục"": ""Trường Punahou"", ""Alma mater"": ""Đại học Columbia ( BA ) Đại học Harvard ( JD )"", ""Nghề nghiệp"": ""Chính trị gia luật sư tác giả"", ""Tặng thưởng"": ""Danh sách danh hiệu và giải thưởng"", ""Chữ ký"": """", ""Website"": ""Trang web chính thức Quỹ Obama Lưu trữ ở Nhà Trắng""}"
11,Doug Emhoff,Person,https://vi.wikipedia.org/wiki/Doug_Emhoff,"{""Phó Tổng thống"": ""Kamala Harris"", ""Tiền nhiệm"": [""Karen Pence"", ""(Đệ nhị Phu nhân)""], ""Kế nhiệm"": [""Usha Vance"", ""(Đệ nhị Phu nhân)""], ""Sinh"": [""Douglas Craig Emhoff"", ""13 tháng 10, 1964"", ""(61 tuổi)"", ""Thành phố New York"", "","", ""New York"", "","", ""Hoa Kỳ""], ""Đảng chính trị"": ""Dân chủ"", ""Phối ngẫu"": [""Kerstin Mackin"", ""(cưới 1992⁠–⁠li dị2008)"", ""Kamala Harris"", ""(cưới 2014)""], ""Con cái"": ""2"", ""Cư trú"": ""Số một Đường vòng quanh Đài quan sát"", ""Giáo dục"": [""Đại học Bang California tại Northridge"", ""("", ""BA"", "")"", ""Đại học Nam California"", ""("", ""JD"", "")""]}"
12,Guido Westerwelle,Person,https://vi.wikipedia.org/wiki/Guido_Westerwelle,"{""Thủ tướng"": ""Angela Merkel"", ""Tiền nhiệm"": ""Wolfgang Gerhardt"", ""Kế nhiệm"": ""Birgit Homburger"", ""Khu vực bầu cử"": ""Danh sách FDP"", ""Sinh"": [""("", ""1961-12-27"", "")"", ""27 tháng 12 năm 1961"", ""Bad Honnef"", "","", ""Tây Đức"", ""(nay là Đức)""], ""Mất"": [""18 tháng 3 năm 2016"", ""(2016-03-18)"", ""(54 tuổi)"", ""Cologne"", "", Đức""], ""Nguyên nhân mất"": ""Bệnh bạch cầu"", ""Đảng chính trị"": ""Đảng Dân chủ Tự do"", ""Bạn đời"": ""Michael Mronz"", ""Alma mater"": [""Đại học Bonn"", ""Đại học Hagen""]}"
13,Frank-Walter Steinmeier,Person,https://vi.wikipedia.org/wiki/Frank-Walter_Steinmeier,"{""Thủ tướng"": ""Gerhard Schröder"", ""Tiền nhiệm"": ""Bodo Hombach"", ""Kế nhiệm"": ""Thomas de Maizière"", ""Sinh"": [""5 tháng 1"", ""năm"", ""1956"", ""(69 tuổi)"", ""Detmold"", "","", ""Tây Đức""], ""Đảng chính trị"": ""Đảng Dân chủ Xã hội"", ""Phối ngẫu"": ""Elke Büdenbender (cưới 1995)"", ""Con cái"": ""1"", ""Alma mater"": ""Đại học Giessen"", ""Chữ ký"": """"}"
14,Horst Köhler,Person,https://vi.wikipedia.org/wiki/Horst_K%C3%B6hler,"{""Thủ tướng"": [""Gerhard Schröder"", ""Angela Merkel""], ""Tiền nhiệm"": ""Michel Camdessus"", ""Kế nhiệm"": ""Rodrigo Rato"", ""Sinh"": [""22 tháng 2"", ""năm"", ""1943"", ""Heidenstein"", "","", ""Đức Quốc xã"", ""(nay là Skierbieszów,"", ""Ba Lan"", "")""], ""Mất"": [""1 tháng 2"", ""năm"", ""2025"", ""(81 tuổi)"", ""Berlin"", "","", ""Đức""], ""Đảng chính trị"": ""Liên minh Dân chủ Thiên Chúa giáo"", ""Phối ngẫu"": ""Eva Bohnet"", ""Con cái"": ""2"", ""Alma mater"": ""Đại học Tübingen"", ""Chuyên môn"": ""Nhà kinh tế học"", ""Chữ ký"": """", ""Website"": ""http://www.horstkoehler.de/en/""}"
15,Donald Trump,Person,https://vi.wikipedia.org/wiki/Donald_Trump,"{""Phó Tổng thống"": ""Mike Pence"", ""Tiền nhiệm"": ""Barack Obama"", ""Kế nhiệm"": ""Joe Biden"", ""Sinh"": [""Donald John Trump"", ""14 tháng 6, 1946"", ""(79 tuổi)"", ""Queens"", "","", ""Thành phố New York"", "","", ""Hoa Kỳ""], ""Đảng chính trị"": ""Đảng Cộng hoà (1987–99, 2009–2011, 2012–nay)"", ""Đảng khác"": ""Đảng Dân chủ (đến 1987, 2001–2009) Đảng Cải cách Mỹ (1999–2001) Độc lập (2011–2012)"", ""Chiều cao"": ""1,91 m (6 ft 3 in)"", ""Phối ngẫu"": ""Ivana Zelníčková (cưới 1977–1992) Marla Maples (cưới 1993–1999) Melania Knauss (cưới 2005)"", ""Con cái"": ""Donald Jr. Ivanka Eric Tiffany Barron"", ""Cha mẹ"": ""Fred Mary Anne"", ""Alma mater"": ""Đại học Pennsylvania"", ""Nghề nghiệp"": ""Chính khách doanh nhân nhân vật truyền thông"", ""Tặng thưởng"": ""Danh sách danh hiệu và giải thưởng của Donald Trump"", ""Tôn giáo"": ""Giáo hội Trưởng lão"", ""Chữ ký"": """", ""Website"": ""Campaign website Presidential library White House archives""}"
16,Helmut Kohl,Person,https://vi.wikipedia.org/wiki/Helmut_Kohl,"{""Tổng thống"": [""Karl Carstens"", ""Richard von Weizsäcker"", ""Roman Herzog""], ""Phó Thủ tướng"": [""Hans-Dietrich Genscher"", ""Jürgen Möllemann"", ""Klaus Kinkel""], ""Tiền nhiệm"": ""Rainer Barzel"", ""Kế nhiệm"": ""Wolfgang Schäuble"", ""Sinh"": [""("", ""1930-04-03"", "")"", ""3 tháng 4 năm 1930"", ""Ludwigshafen"", "","", ""Đức""], ""Mất"": [""16 tháng 6 năm 2017"", ""(2017-06-16)"", ""(87 tuổi)"", ""Oggersheim"", "", Đức"", ""["", ""1"", ""]""], ""Đảng chính trị"": ""CDU"", ""Phối ngẫu"": [""Hannelore Kohl"", ""(mất 2001)"", ""Maike Richter"", ""(từ năm 2008)""], ""Con cái"": ""2"", ""Alma mater"": ""Đại học Heidelberg"", ""Chữ ký"": """"}"
17,George H. W. Bush,Person,https://vi.wikipedia.org/wiki/George_H._W._Bush,"{""Phó Tổng thống"": ""Dan Quayle"", ""Tiền nhiệm"": ""John Dowdy"", ""Kế nhiệm"": ""William Reynolds Archer Jr."", ""Tổng thống"": ""Richard Nixon"", ""Phó Giám đốc"": [""Vernon A. Walters"", ""E. Henry Knoche""], ""Sinh"": [""George H. W. Bush"", ""("", ""1924-06-12"", "")"", ""12 tháng 6, 1924"", ""Milton"", "","", ""Massachusetts"", "","", ""Hoa Kỳ""], ""Mất"": [""30 tháng 11, 2018"", ""(2018-11-30)"", ""(94 tuổi)"", ""Houston"", "","", ""Texas"", "", Hoa Kỳ""], ""Nơi an nghỉ"": ""Thư viện Tổng thống George Bush"", ""Đảng chính trị"": ""Cộng hòa"", ""Phối ngẫu"": [""Barbara Pierce"", ""(cưới"", ""1945"", ""⁠–⁠mất"", ""2018"", "")""], ""Quan hệ"": ""Xem Gia tộc Bush"", ""Con cái"": [""George W. Bush"", ""Pauline Robinson Bush"", ""Jeb Bush"", ""Neil Bush"", ""Marvin Bush"", ""Dorothy Bush Koch""], ""Alma mater"": ""Đại học Yale"", ""Tặng thưởng"": [""Distinguished Flying Cross"", "","", ""Air Medal"", ""(3),"", ""Presidential Unit Citation""], ""Chữ ký"": """", ""Website"": ""Thư viện Tổng thống"", ""Thuộc"": ""Hoa Kỳ"", ""Phục vụ"": ""Hải quân Hoa Kỳ"", ""Năm tại ngũ"": ""1942–1945"", ""Cấp bậc"": ""Trung úy ( Hải Quân )"", ""Đơn vị"": ""Nhà cung cấp nhanh công tác"", ""Tham chiến"": ""Chiến tranh thế giới thứ hai""}"
18,George W. Bush,Person,https://vi.wikipedia.org/wiki/George_W._Bush,"{""Phó Tổng thống"": ""Dick Cheney"", ""Tiền nhiệm"": ""Ann Richards"", ""Kế nhiệm"": ""Rick Perry"", ""Phó Thống đốc"": [""Bob Bullock"", ""Rick Perry""], ""Sinh"": [""6 tháng 7, 1946"", ""(79 tuổi)"", ""New Haven"", "","", ""Connecticut"", "","", ""Hoa Kỳ""], ""Đảng chính trị"": ""Cộng hòa"", ""Phối ngẫu"": [""Laura Welch"", ""(kh. 1977)""], ""Quan hệ"": ""Xem Gia tộc Bush"", ""Con cái"": [""Barbara"", ""Jenna""], ""Cha mẹ"": [""George H. W. Bush"", ""Barbara Bush""], ""Alma mater"": [""Đại học Yale"", ""Đại học Harvard""], ""Tặng thưởng"": ""Air Force Pilot's Badge , Outstanding Unit Award , National Defense Service Medal , Small Arms Expert Marksmanship Ribbon . [ 1 ]"", ""Tôn giáo"": [""Anh giáo"", ""(1946-1977)"", ""Giám Lý"", ""(1977-nay)""], ""Chữ ký"": """", ""Website"": [""Bush Presidential Library"", ""Bush Presidential Center"", ""The White House"", ""Archived""], ""Biệt danh"": ""Dubya GWB"", ""Thuộc"": ""Hoa Kỳ"", ""Phục vụ"": [""Lực lượng Phòng không Quốc gia Texas"", ""Lực lượng Phòng không Quốc gia Alabama""], ""Năm tại ngũ"": ""1968–1974"", ""Cấp bậc"": ""Trung uý"", ""Đơn vị"": [""Phi đội Trinh sát 147"", ""Phi đội Tiêm kích 187""]}"
19,JD Vance,Person,https://vi.wikipedia.org/wiki/JD_Vance,"{""Tổng thống"": ""Donald Trump"", ""Tiền nhiệm"": ""Rob Portman"", ""Kế nhiệm"": ""Jon Husted"", ""Sinh"": [""James Donald Bowman"", ""2 tháng 8, 1984"", ""(41 tuổi)"", ""Middletown, Ohio"", "", Hoa Kỳ""], ""Đảng chính trị"": ""Cộng hòa"", ""Phối ngẫu"": ""Usha Chilukuri (cưới 2014)"", ""Con cái"": ""3"", ""Alma mater"": ""Đại học Bang Ohio ( BA ) Đại học Yale ( JD )"", ""Nghề nghiệp"": ""Chính trị gia tác giả nhà đầu tư mạo hiểm luật sư"", ""Tặng thưởng"": ""Huy chương thành tựu của Hải quân và Thủy quân Lục chiến Huân chương hạnh kiểm tốt của Thủy quân Lục chiến Huy chương phục vụ cuộc chiến chống khủng bố toàn cầu Huy chương chiến dịch Iraq Dải triển khai dịch vụ trên biển của Hải quân và Thủy quân Lục chiến"", ""Chữ ký"": """", ""Website"": ""Website Thượng viện"", ""Phục vụ"": ""Thủy quân lục chiến Hoa Kỳ"", ""Năm tại ngũ"": ""2003–2007"", ""Cấp bậc"": ""Hạ sĩ"", ""Đơn vị"": ""Phi đoàn máy bay thủy quân lục chiến số 2"", ""Tham chiến"": ""Chiến tranh Iraq""}"
20,Hunter Biden,Person,https://vi.wikipedia.org/wiki/Hunter_Biden,"{""Tổng thống"": [""George W. Bush"", ""Barack Obama""], ""Kế nhiệm"": ""Jeffrey Moreland"", ""Sinh"": [""Robert Hunter Biden"", ""4 tháng 2, 1970"", ""(55 tuổi)"", ""Wilmington"", "","", ""Delaware"", "", Hoa Kỳ""], ""Đảng chính trị"": ""Dân chủ"", ""Phối ngẫu"": [""Kathleen Buhle"", ""(cưới 1993⁠–⁠"", ""ld."", ""2017)"", ""Melissa Cohen (cưới 2019)""], ""Bạn đời"": ""Hallie Olivere (2016–2019)"", ""Con cái"": ""3"", ""Người thân"": [""Joe Biden"", ""(cha)"", ""Xem"", ""gia đình Biden""], ""Giáo dục"": [""Đại học Georgetown"", ""("", ""BA"", "")"", ""Đại học Yale"", ""("", ""JD"", "")""], ""Thuộc"": ""Hoa Kỳ"", ""Phục vụ"": ""United States Navy"", ""Năm tại ngũ"": ""2013–2014"", ""Cấp bậc"": ""Thiếu úy"", ""Đơn vị"": ""Quân dự bị Hải quân Hoa Kỳ""}"
21,Ivanka Trump,Person,https://vi.wikipedia.org/wiki/Ivanka_Trump,"{""Tổng thống"": ""Donald Trump"", ""Tiền nhiệm"": ""Thành lập chức vụ"", ""Kế nhiệm"": [""Mike Donilon"", ""Cedric Richmond""], ""Sinh"": [""Ivana Marie Trump"", ""30 tháng 10, 1981"", ""(44 tuổi)"", ""["", ""1"", ""]"", ""Manhattan"", "","", ""thành phố New York""], ""Đảng chính trị"": ""Cộng hòa (2018–nay)"", ""Đảng khác"": ""Dân chủ (trước 2018)"", ""Phối ngẫu"": ""Jared Kushner (cưới 2009 )"", ""Con cái"": ""3"", ""Cha mẹ"": [""Donald Trump"", ""Ivana Trump""], ""Người thân"": [""Xem"", ""dòng họ Trump"", ""Karlie Kloss"", ""(em dâu)"", ""Joshua Kushner"", ""(em rể)""], ""Giáo dục"": ""Đại học Pennsylvania ( BSc )""}"
22,Hillary Clinton,Person,https://vi.wikipedia.org/wiki/Hillary_Clinton,"{""Tổng thống"": ""Bill Clinton"", ""Tiền nhiệm"": ""Barbara Pryor"", ""Kế nhiệm"": ""Gay Daniels White"", ""Thống đốc"": ""Bill Clinton"", ""Sinh"": [""Hillary Diane Rodham"", ""26 tháng 10, 1947"", ""(78 tuổi)"", ""Chicago"", "","", ""Illinois"", "","", ""Hoa Kỳ""], ""Đảng chính trị"": ""Dân chủ (Từ 1968)"", ""Đảng khác"": ""Cộng hòa (Trước 1968)"", ""Phối ngẫu"": ""Bill Clinton (cưới 1975 )"", ""Con cái"": ""Chelsea"", ""Cư trú"": [""Chappaqua"", "","", ""New York"", "","", ""Hoa Kỳ""], ""Alma mater"": [""Wellesley College"", ""Đại học Yale""], ""Chữ ký"": """", ""Website"": ""hillaryclinton .com /about /bio""}"
23,Jerry Brown,Person,https://vi.wikipedia.org/wiki/Jerry_Brown,"{""Phó Thống đốc"": [""Mervyn Dymally"", ""Mike Curb""], ""Tiền nhiệm"": ""Frank M. Jordan"", ""Kế nhiệm"": ""March Fong Eu (Dư Giang Nguyệt Quế)"", ""Thống đốc"": ""Ronald Reagan"", ""Sinh"": [""Edmund Gerald Brown Jr."", ""7 tháng 4, 1938"", ""(87 tuổi)"", ""San Francisco"", "","", ""California"", "", U.S.""], ""Đảng chính trị"": ""Democratic"", ""Phối ngẫu"": ""Anne Gust (cưới 2005 )"", ""Cha mẹ"": [""Pat Brown"", ""Bernice Layne Brown""], ""Người thân"": ""Kathleen Brown (sister)"", ""Cư trú"": ""Colusa County , California, U.S."", ""Giáo dục"": [""Santa Clara University"", ""Sacred Heart Novitiate"", ""University of California, Berkeley"", ""("", ""BA"", "")"", ""Yale University"", ""("", ""LLB"", "")""], ""Chữ ký"": """"}"
24,Joachim Gauck,Person,https://vi.wikipedia.org/wiki/Joachim_Gauck,"{""Thủ tướng"": ""Angela Merkel"", ""Tiền nhiệm"": ""Chức vụ thành lập"", ""Kế nhiệm"": ""Marianne Birthler"", ""Sinh"": [""24 tháng 1, 1940"", ""(85 tuổi)"", ""Rostock"", "","", ""Đức""], ""Đảng chính trị"": [""Diễn đàn mới"", ""/"", ""Liên minh 90"", ""(1989–1990)"", ""Không đảng phái"", ""(1990–nay)""], ""Phối ngẫu"": ""Gerhild Gauck (1959–1991)"", ""Bạn đời"": ""Daniela Schadt (2000–nay)"", ""Con cái"": [""Christian"", ""Martin"", ""Gesine"", ""Katharina""], ""Alma mater"": ""Đại học Rostock [ 1 ]"", ""Chuyên môn"": ""Mục sư"", ""Chữ ký"": """"}"
25,Michael Bloomberg,Person,https://vi.wikipedia.org/wiki/Michael_Bloomberg,"{""Tiền nhiệm"": ""Thành lập chức vụ"", ""Kế nhiệm"": ""Lex Fenwick"", ""Sinh"": [""Michael Rubens Bloomberg"", ""14 tháng 2, 1942"", ""(83 tuổi)"", ""Boston, Massachusetts, U.S.""], ""Đảng chính trị"": [""Đảng Dân chủ"", ""(đến 2001)"", ""Đảng Cộng hòa"", ""(2001–2007)"", ""Độc lập"", ""(2007–hiện nay)""], ""Bạn đời"": ""Diana Taylor"", ""Cư trú"": ""Upper East Side , Manhattan , New York City, New York, U.S."", ""Alma mater"": [""Đại học Johns Hopkins"", ""("", ""Đại học"", "")"", ""Đại học Harvard"", ""("", ""MBA"", "")"", ""the""], ""Nghề nghiệp"": ""Doanh nhân, chính trị gia, nhà hoạt động nhân đạo"", ""Net worth"": ""55 tỷ đô la Mỹ (2019) [ 2 ]"", ""Chữ ký"": """", ""Website"": [""Official NYC Mayoral website"", ""MikeBloomberg"", "".com""]}"
26,John Quincy Adams,Person,https://vi.wikipedia.org/wiki/John_Quincy_Adams,"{""Phó Tổng thống"": ""John C. Calhoun"", ""Tiền nhiệm"": ""William Short"", ""Kế nhiệm"": ""William Vans Murray"", ""Tổng thống"": ""George Washington"", ""Sinh"": [""11 tháng 7"", ""năm"", ""1767"", ""Braintree"", "","", ""Vịnh Massachusetts"", "","", ""Châu Mỹ thuộc Anh"", ""(nay là"", ""Quincy, Massachusetts"", "", Hoa Kỳ)""], ""Mất"": [""23 tháng 2"", ""năm"", ""1848"", ""(80 tuổi)"", ""Washington, D.C."", "","", ""Hoa Kỳ""], ""Nơi an nghỉ"": ""United First Parish Church"", ""Đảng chính trị"": [""Đảng Liên bang"", ""(1792–1808)"", ""Đảng Dân chủ-Cộng hoà"", ""(1808–1830)"", ""Đảng Cộng hoà Quốc gia"", ""(1830–1833)"", ""Phong trào chống thợ hồ"", ""(1833–1838)"", ""Đảng Whig"", ""(1838–1848)""], ""Phối ngẫu"": ""Louisa Johnson"", ""Con cái"": ""4, bao gồm George , John , Charles"", ""Alma mater"": ""Đại học Harvard"", ""Chữ ký"": """"}"
27,Maria Ressa,Person,https://vi.wikipedia.org/wiki/Maria_Ressa,"{""Sinh"": [""2 tháng 10, 1963"", ""(62 tuổi)"", ""Manila"", "","", ""Philippines""], ""Học vấn"": [""Đại học Princeton"", ""("", ""cử nhân"", "")"", ""Đại học Philippines Diliman""], ""Nghề nghiệp"": ""Phóng viên, tác gia"", ""Website chính thức"": [""Rappler"", ""mariaressa"", "".com""]}"
28,Jill Biden,Person,https://vi.wikipedia.org/wiki/Jill_Biden,"{""Tổng thống"": ""Joe Biden"", ""Tiền nhiệm"": ""Lynne Cheney"", ""Kế nhiệm"": ""Karen Pence"", ""Phó Tổng thống"": ""Joe Biden"", ""Sinh"": [""Jill Tracy Jacobs"", ""3 tháng 6, 1951"", ""(74 tuổi)"", ""Hammonton, New Jersey"", "", Hoa Kỳ""], ""Đảng chính trị"": ""Dân chủ"", ""Phối ngẫu"": [""Bill Stevenson"", ""(cưới 1970⁠–⁠divorce1975)"", ""Joe Biden"", ""(cưới 1977)""], ""Con cái"": ""Ashley Biden Beau Biden Hunter Biden"", ""Giáo dục"": [""Đại học Delaware"", ""("", ""BA"", "","", ""EdD"", "")"", ""Đại Học West Chester"", ""("", ""MEd"", "")"", ""Đại học Villanova"", ""("", ""MA"", "")""], ""Chữ ký"": """"}"
29,Laura Bush,Person,https://vi.wikipedia.org/wiki/Laura_Bush,"{""Tổng thống"": ""George W. Bush"", ""Tiền nhiệm"": ""David Richards ( Đệ Nhất Phu quân )"", ""Kế nhiệm"": ""Anita Thigpen Perry"", ""Thống đốc"": ""George W. Bush"", ""Sinh"": [""Laura Lane Welch"", ""4 tháng 11, 1946"", ""(79 tuổi)"", ""Midland"", "","", ""Texas""], ""Đảng chính trị"": ""Cộng hòa"", ""Con cái"": [""Barbara"", ""Jenna""], ""Giáo dục"": [""Đại học Southern Methodist"", "","", ""Đại học Texas tại Austin""], ""Nghề nghiệp"": ""Tác giả , Giáo viên , Thủ thư"", ""Chữ ký"": """"}"
30,Kamala Harris,Person,https://vi.wikipedia.org/wiki/Kamala_Harris,"{""Tổng thống"": ""Joe Biden"", ""Tiền nhiệm"": ""Terence Hallinan"", ""Kế nhiệm"": ""George Gascón"", ""Thống đốc"": ""Jerry Brown"", ""Sinh"": [""Kamala Devi Harris"", ""["", ""a"", ""]"", ""20 tháng 10, 1964"", ""(61 tuổi)"", ""Oakland, California"", "","", ""Hoa Kỳ""], ""Đảng chính trị"": ""Dân chủ"", ""Phối ngẫu"": ""Doug Emhoff (cưới 2014)"", ""Cha mẹ"": [""Shyamala Gopalan"", ""(mẹ)"", ""Donald Harris"", ""(cha)""], ""Người thân"": ""Gia đình của Kamala Harris"", ""Giáo dục"": [""Đại học Howard"", ""("", ""BA"", "")"", ""Đại học California, Hastings"", ""("", ""JD"", "")""], ""Nghề nghiệp"": ""Chính trị gia luật sư nhà văn"", ""Chữ ký"": """", ""Website"": ""Trang web tranh cử Trang web của Nhà Trắng""}"
31,Mike Pence,Person,https://vi.wikipedia.org/wiki/Mike_Pence,"{""Tổng thống"": ""Donald Trump"", ""Tiền nhiệm"": ""Adam Putnam"", ""Kế nhiệm"": ""Jeb Hensarling"", ""Phó Thống đốc"": [""Sue Ellspermann"", ""Eric Holcomb""], ""Lãnh đạo"": ""John Boehner"", ""Sinh"": [""Michael Richard Pence"", ""7 tháng 6, 1959"", ""(66 tuổi)"", ""Columbus"", "","", ""Indiana"", "","", ""Hoa Kỳ""], ""Đảng chính trị"": ""Cộng hòa"", ""Con cái"": ""3"", ""Alma mater"": [""Hanover College"", ""Indiana University, Indianapolis""], ""Chữ ký"": """", ""Website"": [""Gubernatorial website"", ""Campaign site""]}"
32,Mitt Romney,Person,https://vi.wikipedia.org/wiki/Mitt_Romney,"{""Tiền nhiệm"": [""Paul Cellucci"", ""(Thống đốc)"", ""Jane Swift"", ""(quyền)""], ""Kế nhiệm"": ""Deval Patrick"", ""Sinh"": [""Willard Mitt Romney"", ""12 tháng 3, 1947"", ""(78 tuổi)"", ""Detroit"", "", Michigan""], ""Quốc tịch"": ""Mỹ"", ""Đảng chính trị"": ""Cộng hòa"", ""Phối ngẫu"": ""Ann Romney (cưới 1969)"", ""Con cái"": [""Tagg (b. 1970)"", ""Matt (b. 1971)"", ""Josh (b. 1975)"", ""Ben (b. 1978)"", ""Craig (b. 1981)""], ""Cư trú"": [""Belmont, Massachusetts"", ""Wolfeboro, New Hampshire"", ""San Diego, California""], ""Alma mater"": [""Stanford University"", ""Brigham Young University"", ""("", ""BA"", "")"", ""Harvard University"", ""("", ""MBA"", "","", ""JD"", "")""], ""Chữ ký"": """", ""Website"": ""mittromney.com""}"
33,Mark Zuckerberg,Person,https://vi.wikipedia.org/wiki/Mark_Zuckerberg,"{""Sinh"": [""Mark Elliot Zuckerberg"", ""14 tháng 5, 1984"", ""(41 tuổi)"", ""White Plains, New York"", "", Hoa Kỳ""], ""Quốc tịch"": ""Hoa Kỳ"", ""Trường lớp"": ""Đại học Harvard"", ""Nghề nghiệp"": ""Lập trình viên máy tính, doanh nghiệp Internet"", ""Năm hoạt động"": ""2004–nay"", ""Nổi tiếng vì"": ""Đồng thành lập Meta"", ""Quê quán"": ""Dobbs Ferry, New York , Hoa Kỳ"", ""Tài sản"": ""32,9 tỷ đô-la Mỹ [ 1 ]"", ""Chức vị"": ""Tổng giám đốc điều hành và Chủ tịch Meta"", ""Phối ngẫu"": ""Priscilla Chan (cưới 2012)"", ""Con cái"": ""3"", ""Người thân"": ""Randi Zuckerberg (chị gái)"", ""Website"": ""facebook .com /zuck""}"
34,Michelle Obama,Person,https://vi.wikipedia.org/wiki/Michelle_Obama,"{""Tổng thống"": ""Barack Obama"", ""Tiền nhiệm"": ""Laura Bush"", ""Kế nhiệm"": ""Melania Trump"", ""Sinh"": [""Michael LaVaughn Robinson"", ""17 tháng 1, 1964"", ""(61 tuổi)"", ""Chicago"", "","", ""Illinois"", "","", ""Hoa Kỳ""], ""Đảng chính trị"": ""Dân chủ"", ""Con cái"": [""Malia"", ""Sasha""], ""Alma mater"": [""Đại học Princeton"", ""("", ""BA"", "")"", ""Đại học Harvard"", ""("", ""JD"", "")""], ""Chữ ký"": """"}"
35,John McCain,Person,https://vi.wikipedia.org/wiki/John_McCain,"{""Nhiệm kỳ"": ""3 tháng 1 năm 1983 – 3 tháng 1 năm 1987"", ""Tiền nhiệm"": ""John Jacob Rhodes Jr."", ""Kế nhiệm"": ""John Jacob Rhodes III"", ""Vị trí"": ""Khu quốc hội 1, Arizona"", ""Sinh"": [""John Sidney McCain III"", ""("", ""1936-08-28"", "")"", ""28 tháng 8, 1936"", ""Vùng Kênh đào Panama""], ""Mất"": [""25 tháng 8, 2018"", ""(2018-08-25)"", ""(81 tuổi)"", ""Cornville"", "","", ""Arizona""], ""Nơi ở"": ""Phoenix , Maricopa , Arizona"", ""Tôn giáo"": ""Báp-tít"", ""Đảng chính trị"": ""Cộng hòa"", ""Vợ"": [""Carol Shepp"", ""(từ 1965-1980)"", ""Cindy Hensley McCain"", ""(từ 1980)""], ""Con cái"": [""Douglas (s. 1959)"", ""Andrew (s. 1962)"", ""Sidney (s. 1966)"", ""Meghan (s. 1984)"", ""John Sidney IV \""Jack\"" (s. 1986)"", ""James (s. 1988)"", ""Bridget (s. 1991)""], ""Alma mater"": ""Học viện Hải quân Hoa Kỳ"", ""Website"": ""Thượng nghị sĩ Hoa Kỳ John McCain: Arizona"", ""Chữ ký"": """", ""Tặng thưởng"": ""Huân chương Ngôi sao Bạc Legion of Merit Huân chương Ngôi sao Đồng Huân chương Trái tim Tím Distinguished Flying Cross [ 1 ] Huân chương tù binh chiến tranh Huân chương phục vụ quốc phòng Huân chương phục vụ tại Việt Nam Huân chương chiến dịch tại Việt Nam ( Việt Nam Cộng hòa )"", ""Thuộc"": ""Hiệp chúng quốc Hoa Kỳ"", ""Phục vụ"": ""Hải quân Hoa Kỳ"", ""Năm tại ngũ"": ""1958–1981"", ""Cấp bậc"": ""Hạm trưởng"", ""Tham chiến"": ""Chiến tranh Việt Nam ( POW )""}"
36,Paul Ryan,Person,https://vi.wikipedia.org/wiki/Paul_Ryan,"{""Tiền nhiệm"": ""John Boehner"", ""Kế nhiệm"": ""Nancy Pelosi"", ""Sinh"": [""Paul Davis Ryan"", ""29 tháng 1, 1970"", ""(55 tuổi)"", ""Janesville"", "", Wisconsin, Hoa Kỳ""], ""Đảng chính trị"": ""Cộng hòa"", ""Phối ngẫu"": ""Janna Little"", ""Con cái"": [""Elizabeth"", ""Charles"", ""Samuel""], ""Alma mater"": ""Đại học Miami (Cử nhân)"", ""Website"": ""Congressional website""}"
37,Rick Perry,Person,https://vi.wikipedia.org/wiki/Rick_Perry,"{""Tổng thống"": ""Donald Trump"", ""Tiền nhiệm"": ""Bob Bullock"", ""Kế nhiệm"": ""Bill Ratliff"", ""Phó Thống đốc"": [""Bill Ratliff"", ""David Dewhurst""], ""Thống đốc"": ""George W. Bush"", ""Sinh"": [""4 tháng 3, 1950"", ""(75 tuổi)"", ""Paint Creek, Texas""], ""Đảng chính trị"": ""Đảng Cộng hòa (1989-nay)"", ""Đảng khác"": ""Đảng Dân chủ (trước 1989)"", ""Phối ngẫu"": ""Anita Thigpen"", ""Con cái"": [""Griffin"", ""Sydney""], ""Cư trú"": ""Texas Governor's Mansion"", ""Alma mater"": ""Texas A&M University"", ""Chữ ký"": """", ""Phục vụ"": ""Không quân Hoa Kỳ"", ""Năm tại ngũ"": ""1972–1977"", ""Cấp bậc"": ""Đại úy""}"
38,Philipp Rösler,Person,https://vi.wikipedia.org/wiki/Philipp_R%C3%B6sler,"{""Thủ tướng"": ""Angela Merkel"", ""Tiền nhiệm"": ""Walter Hirche"", ""Kế nhiệm"": ""Jörg Bode"", ""Chủ tịch nước"": [""Nguyễn Xuân Phúc"", ""Võ Thị Ánh Xuân"", ""(quyền)"", ""Võ Văn Thưởng""], ""Đại sứ"": ""Lê Linh Lan"", ""Sinh"": [""24 tháng 2, 1973"", ""(52 tuổi)"", ""Khánh Hưng,"", ""Ba Xuyên"", "","", ""Việt Nam Cộng hòa""], ""Quốc tịch"": ""Đức"", ""Đảng chính trị"": ""FDP"", ""Phối ngẫu"": ""Wiebke Rösler, bác sĩ"", ""Con cái"": ""hai con gái sinh đôi Grietje và Gesche, 2008."", ""Cư trú"": ""Hannover"", ""Alma mater"": ""Đại học Y khoa Hannover"", ""Nghề nghiệp"": ""Bác sĩ"", ""Website"": ""philipp-roesler.de""}"
39,Olaf Scholz,Person,https://vi.wikipedia.org/wiki/Olaf_Scholz,"{""Tổng thống"": ""Frank-Walter Steinmeier"", ""Phó Thủ tướng"": ""Robert Habeck"", ""Tiền nhiệm"": ""Hartmuth Wrocklage"", ""Kế nhiệm"": ""Ronald Schill"", ""Thủ tướng"": ""Angela Merkel"", ""Lãnh đạo"": ""Gerhard Schröder"", ""Cấp phó"": [""Dorothee Stapelfeldt"", ""Katharina Fegebank""], ""Thủ hiến"": ""Ortwin Runde"", ""Sinh"": [""14 tháng 6, 1958"", ""(67 tuổi)"", ""Osnabrück"", "","", ""Tây Đức""], ""Đảng chính trị"": ""Đảng Dân chủ Xã hội"", ""Phối ngẫu"": ""Britta Ernst (cưới 1998)"", ""Alma mater"": ""Đại học Hamburg"", ""Nghề nghiệp"": ""Luật sư"", ""Chữ ký"": """", ""Website"": ""Official website""}"
40,Rodrigo Duterte,Person,https://vi.wikipedia.org/wiki/Rodrigo_Duterte,"{""Phó Tổng thống"": ""Leni Robredo"", ""Tiền nhiệm"": ""Prospero Nograles"", ""Kế nhiệm"": ""Prospero Nograles"", ""Sinh"": [""Rodrigo Roa Duterte"", ""28 tháng 3, 1945"", ""(80 tuổi)"", ""Maasin"", "","", ""Leyte"", "","", ""Thịnh vượng chung Philippines""], ""Đảng chính trị"": ""PDP-Laban (2001–nay)"", ""Đảng khác"": [""Hugpong Sa Tawong Lungsod"", ""(2011–nay)"", ""Laban ng Makabayang Masang Pilipino"", ""(1998–2001)"", ""Kabataang Makabayan (Thập niên 1970)""], ""Phối ngẫu"": ""Elizabeth Zimmerman (1973–2000)"", ""Bạn đời"": ""Cieleto \""Honeylet\"" Avanceña [ 1 ]"", ""Con cái"": [""Paolo"", ""Sara"", ""Sebastian"", ""Veronica""], ""Cha mẹ"": [""Vincente Durterte"", ""Soledad Roa""], ""Alma mater"": [""Trường Đại học Philippines"", ""Đại học San Beda""], ""Tôn giáo"": ""Công giáo Rôma → Hồi giáo""}"
41,Rudy Giuliani,Person,https://vi.wikipedia.org/wiki/Rudy_Giuliani,"{""Tiền nhiệm"": ""John H. Shenefield"", ""Kế nhiệm"": ""D. Lowell Jensen"", ""Tổng thống"": ""Ronald Reagan"", ""Sinh"": [""Rudolph William Louis Giuliani"", ""28 tháng 5, 1944"", ""(81 tuổi)"", ""Thành phố New York"", "","", ""Hoa Kỳ""], ""Đảng chính trị"": ""Cộng hòa (1980–nay)"", ""Đảng khác"": [""Độc lập"", ""(1975–1980)"", ""Dân chủ"", ""(before 1975)""], ""Phối ngẫu"": [""Regina Peruggi"", ""(cưới 1968⁠–⁠"", ""ld."", ""1982)"", ""Donna Hanover"", ""(cưới 1984⁠–⁠"", ""ld."", ""2002)"", ""Judith Nathan"", ""(cưới 2003⁠–⁠"", ""ld."", ""2019)""], ""Con cái"": ""Andrew , Caroline"", ""Giáo dục"": [""Manhattan College"", ""("", ""BA"", "")"", ""New York University"", ""("", ""JD"", "")""], ""Chữ ký"": """"}"
42,Sergey Vadimovich Stepashin,Person,https://vi.wikipedia.org/wiki/Sergey_Vadimovich_Stepashin,"{""Tổng thống"": ""Boris Yeltsin"", ""Tiền nhiệm"": ""Anatoly Kulikov"", ""Kế nhiệm"": ""Vladimir Rushaylo"", ""Thủ tướng"": [""Sergey Kiriyenko"", ""Yevgeny Primakov""], ""Sinh"": [""2 tháng 3, 1952"", ""(73 tuổi)"", ""Lüshunkou"", "","", ""Trung Quốc""], ""Phối ngẫu"": ""Tamara Stepashina"", ""Con cái"": ""Vladimir"", ""Alma mater"": [""Viện Chính trị Quân sự Lenin"", ""Đại học Tài chính thuộc Chính phủ Liên bang Nga""]}"
43,Sarah Palin,Person,https://vi.wikipedia.org/wiki/Sarah_Palin,"{""Tiền nhiệm"": ""John Stein"", ""Kế nhiệm"": ""Dianne M. Keller"", ""Sinh"": [""11 tháng 2, 1964"", ""(61 tuổi)"", ""Sandpoint, Idaho"", "","", ""Hoa Kỳ""], ""Đảng chính trị"": ""Cộng hòa"", ""Phối ngẫu"": ""Todd Palin (từ 1988)"", ""Con cái"": ""Track, Bristol, Willow, Piper, Trig"", ""Cư trú"": ""Wasilla, Alaska"", ""Alma mater"": ""Đại học Idaho"", ""Chuyên môn"": ""Chính khách"", ""Chữ ký"": """"}"
44,Sigmar Gabriel,Person,https://vi.wikipedia.org/wiki/Sigmar_Gabriel,"{""Thủ tướng"": ""Angela Merkel"", ""Tiền nhiệm"": ""Wilhelm Schmidt"", ""Kế nhiệm"": ""Christian Wulff"", ""Sinh"": [""Sigmar Hartmut Gabriel"", ""12 tháng 9, 1959"", ""(66 tuổi)"", ""Goslar"", "","", ""Tây Đức"", ""(nay là"", ""Đức"", "")""], ""Đảng chính trị"": ""Đảng Dân chủ Xã hội"", ""Alma mater"": ""Đại học Göttingen"", ""Chữ ký"": """"}"
45,Wolfgang Schäuble,Person,https://vi.wikipedia.org/wiki/Wolfgang_Sch%C3%A4uble,"{""Thủ tướng"": ""Helmut Kohl"", ""Tiền nhiệm"": ""Waldemar Schreckenberger"", ""Kế nhiệm"": ""Rudolf Seiters"", ""Sinh"": [""18 tháng 9 năm 1942"", ""Freiburg im Breisgau"", "","", ""Đức""], ""Mất"": [""26 tháng 12 năm 2023"", ""(2023-12-26)"", ""(81 tuổi)"", ""Offenburg"", "","", ""Baden-Württemberg"", "", Đức""], ""Đảng chính trị"": ""Liên minh Dân chủ Cơ đốc giáo Đức"", ""Phối ngẫu"": ""Ingeborg Schäuble (cưới 1969)"", ""Con cái"": ""4"", ""Alma mater"": [""Đại học Freiburg"", ""Đại học Hamburg""], ""Chuyên môn"": ""Lawyer"", ""Website"": ""Official website""}"
46,Theodore Roosevelt,Person,https://vi.wikipedia.org/wiki/Theodore_Roosevelt,"{""Phó Tổng thống"": ""Không có (1901–1905) Charles W. Fairbanks (1905–1909)"", ""Tiền nhiệm"": ""William J. Trimble"", ""Kế nhiệm"": ""Henry A. Barnum"", ""Tổng thống"": ""William McKinley"", ""Phó Thống đốc"": ""Timothy L. Woodruff"", ""Sinh"": [""Theodore Roosevelt Jr."", ""("", ""1858-10-27"", "")"", ""27 tháng 10, 1858"", ""Thành phố New York"", "","", ""New York"", "","", ""Hoa Kỳ""], ""Mất"": [""6 tháng 1, 1919"", ""(1919-01-06)"", ""(60 tuổi)"", ""Oyster Bay"", "","", ""New York"", "","", ""Hoa Kỳ""], ""Đảng chính trị"": [""Đảng Cộng hòa"", ""(1880-1911)"", ""Đảng Tiến bộ"", ""(1912-1916)"", ""Đảng Cộng hòa"", ""(1916-1919)""], ""Phối ngẫu"": [""Alice Hathaway Lee"", ""(1880-1884)"", ""Edith Kermit Carow"", ""(1886-1919)""], ""Quan hệ"": ""Xem Gia tộc Roosevelt"", ""Con cái"": [""Alice Roosevelt Longworth"", ""Theodore Roosevelt Jr."", ""Kermit Roosevelt"", ""Ethel Roosevelt Derby"", ""Archibald Roosevelt"", ""Quentin Roosevelt""], ""Cha mẹ"": [""Theodore Roosevelt Sr."", ""Martha Bulloch Roosevelt""], ""Alma mater"": [""Đại học Harvard"", ""Trường Luật Columbia""], ""Nghề nghiệp"": [""Tác giả, Người bảo vệ môi trường"", ""Nhà thám hiểm, Sử gia, Nhà nghiên cứu vạn vật học"", ""Chính trị gia, Sĩ quan quân đội""], ""Tặng thưởng"": [""Giải Nobel Hoà bình"", ""(1906)"", ""Huân chương Danh dự""], ""Chữ ký"": """", ""Thuộc"": ""Hoa Kỳ"", ""Phục vụ"": [""Lục quân Hoa Kỳ"", ""Lực lượng Vệ binh Quốc gia New York""], ""Năm tại ngũ"": ""1882–1886, 1898"", ""Cấp bậc"": ""Đại tá"", ""Chỉ huy"": ""Kỵ binh Tình nguyện Hoa Kỳ thứ nhất"", ""Tham chiến"": [""Chiến tranh Tây Ban Nha-Mỹ"", ""•"", ""Trận Las Guasimas"", ""•"", ""Trận San Juan Hill""]}"
47,Vladimir Vladimirovich Putin,Person,https://vi.wikipedia.org/wiki/Vladimir_Vladimirovich_Putin,"{""Thủ tướng"": [""Mikhail Kasyanov"", ""Mikhail Fradkov"", ""Viktor Zubkov""], ""Tiền nhiệm"": ""Nicolay Bordyuzha"", ""Kế nhiệm"": ""Sergei Ivanov"", ""Tổng thống"": ""Boris Yeltsin"", ""Sinh"": [""Vladimir Vladimirovich Putin"", ""7 tháng 10, 1952"", ""(73 tuổi)"", ""Leningrad"", "","", ""CHXHCNXV Liên bang Nga"", "","", ""Liên Xô""], ""Quốc tịch"": ""Nga"", ""Đảng chính trị"": [""Đảng Cộng sản Liên Xô"", ""(1975-1991)"", ""Đảng Nước Nga Thống nhất"", ""(2008-2012)"", ""Không đảng phái (2012-nay)""], ""Phối ngẫu"": ""Lyudmila Shkrebneva (1983 - li dị 2014)"", ""Con cái"": [""Maria Putina"", ""Yekaterina Shkrebneva""], ""Alma mater"": ""Đại học Tổng hợp Leningrad"", ""Tôn giáo"": ""Chính thống giáo Nga"", ""Chữ ký"": """", ""Thuộc"": [""Liên Xô"", ""Nga""], ""Phục vụ"": [""KGB"", ""FSB""], ""Năm tại ngũ"": [""1975-1991"", ""1998-1999""], ""Cấp bậc"": [""Đại tá"", ""Cố vấn cấp 1 Liên bang Nga""]}"
48,Ronald Reagan,Person,https://vi.wikipedia.org/wiki/Ronald_Reagan,"{""Phó Tổng thống"": ""George H. W. Bush"", ""Tiền nhiệm"": ""Robert Montgomery"", ""Kế nhiệm"": ""Walter Pidgeon"", ""Phó Thống đốc"": ""Robert Finch [ 2 ] Edwin Reinecke [ 3 ] John L. Harmer [ 4 ]"", ""Sinh"": [""Ronald Wilson Reagan"", ""("", ""1911-02-06"", "")"", ""6 tháng 2 năm 1911"", ""Tampico, Illinois"", "", Hoa Kỳ""], ""Mất"": [""5 tháng 6 năm 2004"", ""(2004-06-05)"", ""(93 tuổi)"", ""Los Angeles, California"", "", Hoa Kỳ""], ""Nơi an nghỉ"": ""Bảo tàng và Thư viện Tổng thống Ronald Reagan"", ""Đảng chính trị"": ""Đảng Cộng hòa (từ 1962)"", ""Đảng khác"": ""Đảng Dân chủ (đến 1962)"", ""Phối ngẫu"": [""Jane Wyman"", ""(cưới"", ""1940"", ""⁠–⁠"", ""ld."", ""1949"", "")"", ""Nancy Davis"", ""(cưới"", ""1952"", "")""], ""Quan hệ"": ""Neil Reagan (anh trai)"", ""Con cái"": ""Maureen Christine Michael Patti Ron"", ""Cha mẹ"": ""Jack Reagan Nelle Wilson"", ""Alma mater"": ""Đại học Eureka ( BA )"", ""Nghề nghiệp"": ""Chính trị gia Công đoàn viên Diễn viên Tác giả Phát thanh viên"", ""Tặng thưởng"": ""Huân chương Tự do Tổng thống (1993) Huân chương vàng Quốc hội (2000) Danh sách danh hiệu và giải thưởng"", ""Chữ ký"": """", ""Phục vụ"": ""Lục quân Hoa Kỳ Lực lượng Trừ bị Lục quân Hoa Kỳ Lực lượng Phòng không Lục quân Hoa Kỳ (AAF)"", ""Năm tại ngũ"": [""1937–1942 (dự bị)"", ""1942–1945 (chính quy)""], ""Cấp bậc"": ""Đại úy"", ""Đơn vị"": [""Trung đoàn 322 Kỵ binh"", ""Trung đoàn 323 Kỵ binh"", ""Đơn vị 18 Phòng không Lục quân""], ""Tham chiến"": ""Chiến tranh thế giới thứ hai Mặt trận châu Mỹ""}"
49,Joe Biden,Person,https://vi.wikipedia.org/wiki/Joe_Biden,"{""Phó Tổng thống"": ""Kamala Harris"", ""Tiền nhiệm"": ""J. Caleb Boggs"", ""Kế nhiệm"": ""Ted Kaufman"", ""Tổng thống"": ""Barack Obama"", ""Các chức vụ khác"": [""Các chức vụ khác"", ""Chủ tịch"", ""Hội nghị về kiểm soát ma túy quốc tế"", ""Nhiệm kỳ"", ""2007–2009"", ""Chủ tịch"", ""Ủy ban Đối ngoại Thượng viện"", ""Nhiệm kỳ"", ""2001"", ""["", ""a"", ""]"", ""– 2003"", ""Nhiệm kỳ"", ""2007–2009"", ""Chủ tịch"", ""Ủy ban Tư pháp Thượng viện"", ""Nhiệm kỳ"", ""1987 – 1995""], ""Sinh"": [""Joseph Robinette Biden Jr."", ""20 tháng 11, 1942"", ""(83 tuổi)"", ""Scranton, Pennsylvania"", "", Hoa Kỳ""], ""Đảng chính trị"": ""Dân chủ (1969–nay)"", ""Đảng khác"": ""Độc lập (trước 1969)"", ""Phối ngẫu"": [""Neilia Hunter"", ""(cưới"", ""1966"", ""⁠–⁠mất"", ""1972"", "")"", ""Jill Jacobs"", ""(cưới"", ""1977"", "")""], ""Con cái"": ""Beau Hunter Naomi Ashley"", ""Cha mẹ"": ""Joseph Robinette Biden Sr. Catherine Eugenia Finnegan"", ""Người thân"": ""Gia đình Biden"", ""Giáo dục"": ""Đại học Delaware ( BA ) Đại học Syracuse ( JD )"", ""Nghề nghiệp"": ""Luật sư chính trị gia nhà văn"", ""Tặng thưởng"": ""Danh sách danh hiệu và giải thưởng"", ""Chữ ký"": """", ""Website"": ""Trang web tranh cử Trang web ở Nhà Trắng""}"
50,Sergey Vadimovich Stepashin,Person,https://vi.wikipedia.org/wiki/Sergei_Stepashin,"{""Tổng thống"": ""Boris Yeltsin"", ""Tiền nhiệm"": ""Anatoly Kulikov"", ""Kế nhiệm"": ""Vladimir Rushaylo"", ""Thủ tướng"": [""Sergey Kiriyenko"", ""Yevgeny Primakov""], ""Sinh"": [""2 tháng 3, 1952"", ""(73 tuổi)"", ""Lüshunkou"", "","", ""Trung Quốc""], ""Phối ngẫu"": ""Tamara Stepashina"", ""Con cái"": ""Vladimir"", ""Alma mater"": [""Viện Chính trị Quân sự Lenin"", ""Đại học Tài chính thuộc Chính phủ Liên bang Nga""]}"
51,Boris Nikolayevich Yeltsin,Person,https://vi.wikipedia.org/wiki/Boris_Yeltsin,"{""Thủ tướng"": [""Ivan Silayev"", ""Oleg Lobov"", ""(Quyền)"", ""Yegor Gaidar"", ""(Quyền)"", ""Viktor Chernomyrdin"", ""Sergey Kiriyenko"", ""Yevgeny Primakov"", ""Sergei Stepashin"", ""Vladimir Putin""], ""Tiền nhiệm"": ""Vitaly Vorotnikov"", ""Kế nhiệm"": ""Ruslan Khasbulatov (Quyền)"", ""Sinh"": [""Boris Nikolayevich Yeltsin"", ""Борис Николаевич Ельцин"", ""1 tháng 2 năm 1931"", ""Butka"", "","", ""Ural Oblast"", "","", ""Cộng hoà Xã hội Chủ nghĩa Xô viết Liên bang Nga"", "","", ""Liên Xô""], ""Mất"": [""23 tháng 4, 2007"", ""(2007-04-23)"", ""(76 tuổi)"", ""Moskva"", "","", ""Nga""], ""Đảng chính trị"": [""Đảng Cộng sản Liên Xô"", ""(1961–1990)"", ""Độc lập"", ""(sau 1990)""], ""Phối ngẫu"": ""Naina Yeltsina"", ""Con cái"": [""Tatyana Borisovna Dyachenko"", ""Elena Borisovna Okulova""], ""Alma mater"": ""Đại học Công nghệ Quốc gia Ural"", ""Chữ ký"": """"}"
52,Donald Trump,Person,https://vi.wikipedia.org/wiki/Barron_Trump,"{""Phó Tổng thống"": ""Mike Pence"", ""Tiền nhiệm"": ""Barack Obama"", ""Kế nhiệm"": ""Joe Biden"", ""Sinh"": [""Donald John Trump"", ""14 tháng 6, 1946"", ""(79 tuổi)"", ""Queens"", "","", ""Thành phố New York"", "","", ""Hoa Kỳ""], ""Đảng chính trị"": ""Đảng Cộng hoà (1987–99, 2009–2011, 2012–nay)"", ""Đảng khác"": ""Đảng Dân chủ (đến 1987, 2001–2009) Đảng Cải cách Mỹ (1999–2001) Độc lập (2011–2012)"", ""Chiều cao"": ""1,91 m (6 ft 3 in)"", ""Phối ngẫu"": ""Ivana Zelníčková (cưới 1977–1992) Marla Maples (cưới 1993–1999) Melania Knauss (cưới 2005)"", ""Con cái"": ""Donald Jr. Ivanka Eric Tiffany Barron"", ""Cha mẹ"": ""Fred Mary Anne"", ""Alma mater"": ""Đại học Pennsylvania"", ""Nghề nghiệp"": ""Chính khách doanh nhân nhân vật truyền thông"", ""Tặng thưởng"": ""Danh sách danh hiệu và giải thưởng của Donald Trump"", ""Tôn giáo"": ""Giáo hội Trưởng lão"", ""Chữ ký"": """", ""Website"": ""Campaign website Presidential library White House archives""}"
53,Dmitry Anatolyevich Medvedev,Person,https://vi.wikipedia.org/wiki/Dmitry_Medvedev,"{""Chủ tịch"": ""Vladimir Putin"", ""Tiền nhiệm"": ""Boris Gryzlov"", ""Tổng thống"": ""Vladimir Putin"", ""Kế nhiệm"": ""Vladimir Putin"", ""Thủ tướng"": ""Vladimir Putin"", ""Sinh"": [""Dmitry Anatolyevich Medvedev"", ""14 tháng 9, 1965"", ""(60 tuổi)"", ""Leningrad"", "","", ""Nga Xô viết"", "","", ""Liên Xô""], ""Đảng chính trị"": [""Đảng Cộng sản Liên Xô"", ""(Trước 1991)"", ""Đảng Nước Nga Thống nhất"", ""(2011–nay)""], ""Phối ngẫu"": ""Svetlana Linnik (1993-nay)"", ""Con cái"": ""1"", ""Alma mater"": ""Đại học Tổng hợp Saint-Petersburg"", ""Chữ ký"": """", ""Website"": ""da-medvedev.ru""}"
54,JD Vance,Person,https://vi.wikipedia.org/wiki/J.D._Vance,"{""Tổng thống"": ""Donald Trump"", ""Tiền nhiệm"": ""Rob Portman"", ""Kế nhiệm"": ""Jon Husted"", ""Sinh"": [""James Donald Bowman"", ""2 tháng 8, 1984"", ""(41 tuổi)"", ""Middletown, Ohio"", "", Hoa Kỳ""], ""Đảng chính trị"": ""Cộng hòa"", ""Phối ngẫu"": ""Usha Chilukuri (cưới 2014)"", ""Con cái"": ""3"", ""Alma mater"": ""Đại học Bang Ohio ( BA ) Đại học Yale ( JD )"", ""Nghề nghiệp"": ""Chính trị gia tác giả nhà đầu tư mạo hiểm luật sư"", ""Tặng thưởng"": ""Huy chương thành tựu của Hải quân và Thủy quân Lục chiến Huân chương hạnh kiểm tốt của Thủy quân Lục chiến Huy chương phục vụ cuộc chiến chống khủng bố toàn cầu Huy chương chiến dịch Iraq Dải triển khai dịch vụ trên biển của Hải quân và Thủy quân Lục chiến"", ""Chữ ký"": """", ""Website"": ""Website Thượng viện"", ""Phục vụ"": ""Thủy quân lục chiến Hoa Kỳ"", ""Năm tại ngũ"": ""2003–2007"", ""Cấp bậc"": ""Hạ sĩ"", ""Đơn vị"": ""Phi đoàn máy bay thủy quân lục chiến số 2"", ""Tham chiến"": ""Chiến tranh Iraq""}"
