id,name,label,wiki_url,country
5,Aaron Sorkin,Person,https://vi.wikipedia.org/wiki/Aaron_Sorkin,Hoa Kỳ
21,Adolfo Suárez,Person,https://vi.wikipedia.org/wiki/Adolfo_Su%C3%A1rez,Tây Ban Nha
25,Alban Berg,Person,https://vi.wikipedia.org/wiki/Alban_Berg,"Cisleithania, Áo"
31,Albert Speer,Person,https://vi.wikipedia.org/wiki/Albert_Speer,Đức
41,Alfred Rosenberg,Person,https://vi.wikipedia.org/wiki/Alfred_Rosenberg,Đức
46,Anders Zorn,Person,https://vi.wikipedia.org/wiki/Anders_Zorn,Thụy Điển
51,Amitabh Bachchan,Person,https://vi.wikipedia.org/wiki/Amitabh_Bachchan,Ấn Độ
54,Amartya Sen,Person,https://vi.wikipedia.org/wiki/Amartya_Sen,Ấn Độ
60,Andy Beshear,Person,https://vi.wikipedia.org/wiki/Andy_Beshear,Hoa Kỳ
65,Anton Bruckner,Person,https://vi.wikipedia.org/wiki/Anton_Bruckner,"Đế quốc Áo , Cisleithania"
66,Antony Beevor,Person,https://vi.wikipedia.org/wiki/Antony_Beevor,Anh
78,Asha-Rose Migiro,Person,https://vi.wikipedia.org/wiki/Asha-Rose_Migiro,Tanzanian
80,Ashraf Ghani,Person,https://vi.wikipedia.org/wiki/Ashraf_Ghani,Afghan
88,Arthur C. Clarke,Person,https://vi.wikipedia.org/wiki/Arthur_C._Clarke,Anh Quốc
91,Asa Hutchinson,Person,https://vi.wikipedia.org/wiki/Asa_Hutchinson,Hoa Kỳ
92,Ayman al-Zawahiri,Person,https://vi.wikipedia.org/wiki/Ayman_al-Zawahiri,Người Ai Cập
99,"Benigno Aquino, Jr.",Person,https://vi.wikipedia.org/wiki/Benigno_Aquino%2C_Jr.,Filipino
101,Bengt Holmström,Person,https://vi.wikipedia.org/wiki/Bengt_Holmstr%C3%B6m,Phần Lan
104,Benigno Aquino III,Person,https://vi.wikipedia.org/wiki/Benigno_Aquino_III,Philippines
105,Benjamin Britten,Person,https://vi.wikipedia.org/wiki/Benjamin_Britten,Vương quốc Liên hiệp Anh và Bắc Ireland
107,Benjamin Butler,Person,https://vi.wikipedia.org/wiki/Benjamin_Butler,Hoa Kỳ
110,Bhimrao Ambedkar,Person,https://vi.wikipedia.org/wiki/Bhimrao_Ambedkar,"Ấn Độ thuộc Anh , Ấn Độ"
112,Bertil Ohlin,Person,https://vi.wikipedia.org/wiki/Bertil_Ohlin,Thụy Điển
115,Bernie Sanders,Person,https://vi.wikipedia.org/wiki/Bernie_Sanders,American
121,Bill Gates,Person,https://vi.wikipedia.org/wiki/Bill_Gates,Hoa Kỳ
124,Bill Lee,Person,https://vi.wikipedia.org/wiki/Bill_Lee,Hoa Kỳ
138,C. Rajagopalachari,Person,https://vi.wikipedia.org/wiki/C._Rajagopalachari,British Raj; Ấn Độ
140,Brad Little,Person,https://vi.wikipedia.org/wiki/Brad_Little,Hoa Kỳ
141,Camille Pissarro,Person,https://vi.wikipedia.org/wiki/Camille_Pissarro,"Pháp , Vương quốc Đan Mạch"
142,Brian Kemp,Person,https://vi.wikipedia.org/wiki/Brian_Kemp,Hoa Kỳ
144,Bùi Kim Giai,Person,https://vi.wikipedia.org/wiki/B%C3%B9i_Kim_Giai,Trung Quốc
147,Cao Hành Kiện,Person,https://vi.wikipedia.org/wiki/Cao_H%C3%A0nh_Ki%E1%BB%87n,Trung Hoa Dân Quốc; (1940 – 1949); Cộng hòa Nhân dân Trung Hoa; (1949 – 1997); Pháp; (1997 – nay)
154,Carole Bouquet,Person,https://vi.wikipedia.org/wiki/Carole_Bouquet,Pháp
155,Charles Haughey,Person,https://vi.wikipedia.org/wiki/Charles_Haughey,Irish
161,Charles Villiers Stanford,Person,https://vi.wikipedia.org/wiki/Charles_Villiers_Stanford,"Ireland , Vương quốc Liên hiệp Anh và Bắc Ireland , Vương quốc Liên hiệp Anh và Ireland"
172,Christopher A. Pissarides,Person,https://vi.wikipedia.org/wiki/Christopher_A._Pissarides,"Síp, Anh [ 2 ]"
173,Charlie Baker,Person,https://vi.wikipedia.org/wiki/Charlie_Baker,Hoa Kỳ
174,Christopher A. Sims,Person,https://vi.wikipedia.org/wiki/Christopher_A._Sims,Mỹ
175,Christopher Stevens (đại sứ),Person,https://vi.wikipedia.org/wiki/Christopher_Stevens_%28%C4%91%E1%BA%A1i_s%E1%BB%A9%29,Hoa Kỳ
176,Chu Tiểu Xuyên,Person,https://vi.wikipedia.org/wiki/Chu_Ti%E1%BB%83u_Xuy%C3%AAn,Trung Quốc
177,Christopher Hitchens,Person,https://vi.wikipedia.org/wiki/Christopher_Hitchens,Anh/Mỹ
183,Chris Sununu,Person,https://vi.wikipedia.org/wiki/Chris_Sununu,Hoa Kỳ
185,Chuan Leekpai,Person,https://vi.wikipedia.org/wiki/Chuan_Leekpai,Thái Lan
190,D. H. Lawrence,Person,https://vi.wikipedia.org/wiki/D._H._Lawrence,Anh
191,Dag Hammarskjöld,Person,https://vi.wikipedia.org/wiki/Dag_Hammarskj%C3%B6ld,Thụy Điển
193,Dan Brown,Person,https://vi.wikipedia.org/wiki/Dan_Brown,Hoa Kỳ
194,Clive Granger,Person,https://vi.wikipedia.org/wiki/Clive_Granger,Vương quốc Anh
195,Cristina Fernández de Kirchner,Person,https://vi.wikipedia.org/wiki/Cristina_Fern%C3%A1ndez_de_Kirchner,Argentina
196,Daron Acemoğlu,Person,https://vi.wikipedia.org/wiki/Daron_Acemo%C4%9Flu,"Thổ Nhĩ Kỳ , Hoa Kỳ [ 1 ]"
199,Chu Ân Lai,Person,https://vi.wikipedia.org/wiki/Chu_%C3%82n_Lai,Trung Quốc
201,David Halberstam,Person,https://vi.wikipedia.org/wiki/David_Halberstam,Hoa Kỳ
202,Daniel McKee,Person,https://vi.wikipedia.org/wiki/Daniel_McKee,Hoa Kỳ
208,David Ige,Person,https://vi.wikipedia.org/wiki/David_Ige,Hoa Kỳ
220,Doug Burgum,Person,https://vi.wikipedia.org/wiki/Doug_Burgum,Hoa Kỳ
221,Douglass North,Person,https://vi.wikipedia.org/wiki/Douglass_North,Hoa Kỳ
224,Dương Chấn Vũ,Person,https://vi.wikipedia.org/wiki/D%C6%B0%C6%A1ng_Ch%E1%BA%A5n_V%C5%A9,Trung Quốc
231,Dương Đắc Chí,Person,https://vi.wikipedia.org/wiki/D%C6%B0%C6%A1ng_%C4%90%E1%BA%AFc_Ch%C3%AD,Trung Quốc
232,Dịch Hội Mãn,Person,https://vi.wikipedia.org/wiki/D%E1%BB%8Bch_H%E1%BB%99i_M%C3%A3n,Trung Quốc
239,Doãn Lực,Person,https://vi.wikipedia.org/wiki/Do%C3%A3n_L%E1%BB%B1c,Trung Quốc
242,Doug Ducey,Person,https://vi.wikipedia.org/wiki/Doug_Ducey,Hoa Kỳ
253,Enda Kenny,Person,https://vi.wikipedia.org/wiki/Enda_Kenny,Ireland
258,Eric Holcomb,Person,https://vi.wikipedia.org/wiki/Eric_Holcomb,Hoa Kỳ
261,Ernst Kaltenbrunner,Person,https://vi.wikipedia.org/wiki/Ernst_Kaltenbrunner,Áo
262,Esther Duflo,Person,https://vi.wikipedia.org/wiki/Esther_Duflo,Pháp và Hoa Kỳ
273,Finn E. Kydland,Person,https://vi.wikipedia.org/wiki/Finn_E._Kydland,Na Uy
281,Franco Modigliani,Person,https://vi.wikipedia.org/wiki/Franco_Modigliani,"Italia , Hoa Kỳ"
283,Franz Oppenheimer,Person,https://vi.wikipedia.org/wiki/Franz_Oppenheimer,Đức
285,Franz Schubert,Person,https://vi.wikipedia.org/wiki/Franz_Schubert,"Đế quốc Áo , Đại Công quốc Áo"
290,François Rabelais,Person,https://vi.wikipedia.org/wiki/Fran%C3%A7ois_Rabelais,Pháp
295,Friedrich Hayek,Person,https://vi.wikipedia.org/wiki/Friedrich_Hayek,"Áo , Vương quốc Anh"
300,Furukawa Shuntaro,Person,https://vi.wikipedia.org/wiki/Furukawa_Shuntaro,Nhật Bản
307,Gabriel García Márquez,Person,https://vi.wikipedia.org/wiki/Gabriel_Garc%C3%ADa_M%C3%A1rquez,Colombia
310,George Akerlof,Person,https://vi.wikipedia.org/wiki/George_Akerlof,Hoa Kỳ
311,Gabriel Attal,Person,https://vi.wikipedia.org/wiki/Gabriel_Attal,Pháp
313,George Habash,Person,https://vi.wikipedia.org/wiki/George_Habash,Palestine
320,George Stigler,Person,https://vi.wikipedia.org/wiki/George_Stigler,Hoa Kỳ
326,Gary Becker,Person,https://vi.wikipedia.org/wiki/Gary_Becker,Hoa Kỳ
341,Giuseppe Mazzini,Person,https://vi.wikipedia.org/wiki/Giuseppe_Mazzini,Ý
353,Gordon Brown,Person,https://vi.wikipedia.org/wiki/Gordon_Brown,Anh Quốc
357,Grayson Perry,Person,https://vi.wikipedia.org/wiki/Grayson_Perry,British
362,Gustav Holst,Person,https://vi.wikipedia.org/wiki/Gustav_Holst,"Vương quốc Liên hiệp Anh và Ireland , Vương quốc Liên hiệp Anh và Bắc Ireland"
364,Gérard Debreu,Person,https://vi.wikipedia.org/wiki/G%C3%A9rard_Debreu,Pháp
365,Greg Abbott,Person,https://vi.wikipedia.org/wiki/Greg_Abbott,Hoa Kỳ
366,Gustav Mahler,Person,https://vi.wikipedia.org/wiki/Gustav_Mahler,"Đế quốc Áo , Cisleithania"
367,Gretchen Whitmer,Person,https://vi.wikipedia.org/wiki/Gretchen_Whitmer,Hoa Kỳ
371,H3h3Productions,Person,https://vi.wikipedia.org/wiki/H3h3Productions,người Mĩ (Ethan) người Israel (Hila)
373,Hamid Karzai,Person,https://vi.wikipedia.org/wiki/Hamid_Karzai,Afghan
379,Giáo hoàng Lêô XIV,Person,https://vi.wikipedia.org/wiki/Gi%C3%A1o_ho%C3%A0ng_L%C3%AA%C3%B4_XIV,Hoa Kỳ Perú (từ 2015) Thành Vatican (từ 2023)
383,Harry Markowitz,Person,https://vi.wikipedia.org/wiki/Harry_Markowitz,Hoa Kỳ
385,Harry R. Lewis,Person,https://vi.wikipedia.org/wiki/Harry_R._Lewis,Hoa Kỳ
388,Greg Gianforte,Person,https://vi.wikipedia.org/wiki/Greg_Gianforte,Hoa Kỳ
391,Harry Reid,Person,https://vi.wikipedia.org/wiki/Harry_Reid,Mỹ
399,Helen Keller,Person,https://vi.wikipedia.org/wiki/Helen_Keller,Mỹ (gốc Thụy Sĩ )
400,Henry Purcell,Person,https://vi.wikipedia.org/wiki/Henry_Purcell,Vương quốc Anh
404,Henry McMaster,Person,https://vi.wikipedia.org/wiki/Henry_McMaster,Hoa Kỳ
409,Henry A. Wallace,Person,https://vi.wikipedia.org/wiki/Henry_A._Wallace,Hoa Kỳ
420,Hoàng Thủ Hoành,Person,https://vi.wikipedia.org/wiki/Ho%C3%A0ng_Th%E1%BB%A7_Ho%C3%A0nh,Trung Quốc
421,Hoài Tiến Bằng,Person,https://vi.wikipedia.org/wiki/Ho%C3%A0i_Ti%E1%BA%BFn_B%E1%BA%B1ng,Trung Quốc
423,Hoàng Tuần Tài,Person,https://vi.wikipedia.org/wiki/Ho%C3%A0ng_Tu%E1%BA%A7n_T%C3%A0i,Singapore
427,Hà Vệ Đông,Person,https://vi.wikipedia.org/wiki/H%C3%A0_V%E1%BB%87_%C4%90%C3%B4ng,Trung Quốc
429,Hác Bằng,Person,https://vi.wikipedia.org/wiki/H%C3%A1c_B%E1%BA%B1ng,Trung Quốc
431,Hà Lập Phong,Person,https://vi.wikipedia.org/wiki/H%C3%A0_L%E1%BA%ADp_Phong,Trung Quốc
432,Hạ Quân Khoa,Person,https://vi.wikipedia.org/wiki/H%E1%BA%A1_Qu%C3%A2n_Khoa,Trung Quốc
435,Ian Brossat,Person,https://vi.wikipedia.org/wiki/Ian_Brossat,Pháp
436,Ilya Yefimovich Repin,Person,https://vi.wikipedia.org/wiki/Ilya_Yefimovich_Repin,Đế quốc Nga
439,Hạ Vinh,Person,https://vi.wikipedia.org/wiki/H%E1%BA%A1_Vinh,Trung Quốc
442,Isaac Asimov,Person,https://vi.wikipedia.org/wiki/Isaac_Asimov,Hoa Kỳ
445,Hầu Khải,Person,https://vi.wikipedia.org/wiki/H%E1%BA%A7u_Kh%E1%BA%A3i,Trung Quốc
446,Imran Khan,Person,https://vi.wikipedia.org/wiki/Imran_Khan,Pakistani
451,Ismail Haniyeh,Person,https://vi.wikipedia.org/wiki/Ismail_Haniyeh,Palestinian
453,Ivo Andrić,Person,https://vi.wikipedia.org/wiki/Ivo_Andri%C4%87,"Cộng hòa Liên bang Xã hội chủ nghĩa Nam Tư , Cisleithania, Vương quốc của người Serb, người Croatia và người Slovenia, Vương quốc Nam Tư , Nhà nước Slovene, Croat và Serb"
456,J. M. Barrie,Person,https://vi.wikipedia.org/wiki/J._M._Barrie,Scotland
458,J. William Fulbright,Person,https://vi.wikipedia.org/wiki/J._William_Fulbright,Hoa Kỳ
468,Jacques-Louis David,Person,https://vi.wikipedia.org/wiki/Jacques-Louis_David,Pháp
472,James Heckman,Person,https://vi.wikipedia.org/wiki/James_Heckman,Hoa Kỳ
475,James Marape,Person,https://vi.wikipedia.org/wiki/James_Marape,Papua New Guinea
476,James Mirrlees,Person,https://vi.wikipedia.org/wiki/James_Mirrlees,Vương quốc Anh
479,James M. Buchanan,Person,https://vi.wikipedia.org/wiki/James_M._Buchanan,Hoa Kỳ
480,J. B. Pritzker,Person,https://vi.wikipedia.org/wiki/J._B._Pritzker,Hoa Kỳ
485,James Tobin,Person,https://vi.wikipedia.org/wiki/James_Tobin,Hoa Kỳ
486,Jan Matejko,Person,https://vi.wikipedia.org/wiki/Jan_Matejko,Ba Lan
494,James Meade,Person,https://vi.wikipedia.org/wiki/James_Meade,Vương quốc Anh
498,Jean Jaurès,Person,https://vi.wikipedia.org/wiki/Jean_Jaur%C3%A8s,Pháp
503,Jean Kennedy Smith,Person,https://vi.wikipedia.org/wiki/Jean_Kennedy_Smith,Hoa Kỳ
505,Janet Mills,Person,https://vi.wikipedia.org/wiki/Janet_Mills,Hoa Kỳ
506,Jay Inslee,Person,https://vi.wikipedia.org/wiki/Jay_Inslee,Hoa Kỳ
507,Jean Tirole,Person,https://vi.wikipedia.org/wiki/Jean_Tirole,Pháp
508,Jean-Luc Godard,Person,https://vi.wikipedia.org/wiki/Jean-Luc_Godard,"Pháp , Thụy Sĩ"
514,Jean de Lattre de Tassigny,Person,https://vi.wikipedia.org/wiki/Jean_de_Lattre_de_Tassigny,Pháp
530,John Barry (nhà soạn nhạc),Person,https://vi.wikipedia.org/wiki/John_Barry_%28nh%C3%A0_so%E1%BA%A1n_nh%E1%BA%A1c%29,"Vương quốc Liên hiệp Anh và Bắc Ireland , Hoa Kỳ"
534,Jim Justice,Person,https://vi.wikipedia.org/wiki/Jim_Justice,Hoa Kỳ
536,John Bel Edwards,Person,https://vi.wikipedia.org/wiki/John_Bel_Edwards,Hoa Kỳ
544,John Glenn,Person,https://vi.wikipedia.org/wiki/John_Glenn,Mỹ
551,John Hicks,Person,https://vi.wikipedia.org/wiki/John_Hicks,Vương quốc Anh
554,John Carney,Person,https://vi.wikipedia.org/wiki/John_Carney,Hoa Kỳ
566,John Singer Sargent,Person,https://vi.wikipedia.org/wiki/John_Singer_Sargent,Hoa Kỳ
569,John Wilkins,Person,https://vi.wikipedia.org/wiki/John_Wilkins,Anh
570,Joko Widodo,Person,https://vi.wikipedia.org/wiki/Joko_Widodo,Indonesia
577,Joseph Schumpeter,Person,https://vi.wikipedia.org/wiki/Joseph_Schumpeter,Áo và Hoa Kỳ
587,Joseph Stiglitz,Person,https://vi.wikipedia.org/wiki/Joseph_Stiglitz,Hoa Kỳ
592,Jørn Utzon,Person,https://vi.wikipedia.org/wiki/J%C3%B8rn_Utzon,Vương quốc Đan Mạch
605,Karl Böhm,Person,https://vi.wikipedia.org/wiki/Karl_B%C3%B6hm,"Áo , Đức"
606,Kaifu Toshiki,Person,https://vi.wikipedia.org/wiki/Kaifu_Toshiki,Nhật Bản
607,Karel Čapek,Person,https://vi.wikipedia.org/wiki/Karel_%C4%8Capek,Séc
610,Kazuo Ishiguro,Person,https://vi.wikipedia.org/wiki/Kazuo_Ishiguro,Anh
612,Kate Brown,Person,https://vi.wikipedia.org/wiki/Kate_Brown,Hoa Kỳ
614,Kay Ivey,Person,https://vi.wikipedia.org/wiki/Kay_Ivey,Hoa Kỳ
619,Khổng Tường Hy,Person,https://vi.wikipedia.org/wiki/Kh%E1%BB%95ng_T%C6%B0%E1%BB%9Dng_Hy,Đài Loan
621,Kenneth Arrow,Person,https://vi.wikipedia.org/wiki/Kenneth_Arrow,Hoa Kỳ
624,Kevin Stitt,Person,https://vi.wikipedia.org/wiki/Kevin_Stitt,Hoa Kỳ
630,Kim Tráng Long,Person,https://vi.wikipedia.org/wiki/Kim_Tr%C3%A1ng_Long,Trung Quốc
632,Klemens von Metternich,Person,https://vi.wikipedia.org/wiki/Klemens_von_Metternich,Áo
636,Kim Reynolds,Person,https://vi.wikipedia.org/wiki/Kim_Reynolds,Hoa Kỳ
637,Kukrit Pramoj,Person,https://vi.wikipedia.org/wiki/Kukrit_Pramoj,Thai
642,Kristi Noem,Person,https://vi.wikipedia.org/wiki/Kristi_Noem,Hoa Kỳ
650,Larry Hogan,Person,https://vi.wikipedia.org/wiki/Larry_Hogan,Hoa Kỳ
651,Lam Phật An,Person,https://vi.wikipedia.org/wiki/Lam_Ph%E1%BA%ADt_An,Trung Quốc
655,Lawrence Klein,Person,https://vi.wikipedia.org/wiki/Lawrence_Klein,Hoa Kỳ
660,Leonard Bernstein,Person,https://vi.wikipedia.org/wiki/Leonard_Bernstein,Hoa Kỳ
663,Linda McMahon,Person,https://vi.wikipedia.org/wiki/Linda_McMahon,Mỹ
665,Lewis Carroll,Person,https://vi.wikipedia.org/wiki/Lewis_Carroll,Vương quốc Anh
670,Lluís Domènech i Montaner,Person,https://vi.wikipedia.org/wiki/Llu%C3%ADs_Dom%C3%A8nech_i_Montaner,Tây Ban Nha
671,Ludwig Erhard,Person,https://vi.wikipedia.org/wiki/Ludwig_Erhard,Đức
673,Laura Kelly,Person,https://vi.wikipedia.org/wiki/Laura_Kelly,Hoa Kỳ
680,Luis Echeverría,Person,https://vi.wikipedia.org/wiki/Luis_Echeverr%C3%ADa,Người Mexico
681,Lê Văn Kim,Person,https://vi.wikipedia.org/wiki/L%C3%AA_V%C4%83n_Kim,Pháp; Việt Nam Cộng hòa
684,Lý Cán Kiệt,Person,https://vi.wikipedia.org/wiki/L%C3%BD_C%C3%A1n_Ki%E1%BB%87t,Trung Quốc
685,Liz Truss,Person,https://vi.wikipedia.org/wiki/Liz_Truss,Anh Quốc
686,Lý Cường,Person,https://vi.wikipedia.org/wiki/L%C3%BD_C%C6%B0%E1%BB%9Dng,Trung Quốc
687,Lý Hiểu Hồng,Person,https://vi.wikipedia.org/wiki/L%C3%BD_Hi%E1%BB%83u_H%E1%BB%93ng,Trung Quốc
689,Lý Quốc Anh,Person,https://vi.wikipedia.org/wiki/L%C3%BD_Qu%E1%BB%91c_Anh,Trung Quốc
691,Lý Thư Lỗi,Person,https://vi.wikipedia.org/wiki/L%C3%BD_Th%C6%B0_L%E1%BB%97i,Trung Quốc
692,Lý Hi,Person,https://vi.wikipedia.org/wiki/L%C3%BD_Hi,Trung Quốc
693,Lý Đăng Huy,Person,https://vi.wikipedia.org/wiki/L%C3%BD_%C4%90%C4%83ng_Huy,Trung Hoa Dân Quốc
699,Lý Gia Siêu,Person,https://vi.wikipedia.org/wiki/L%C3%BD_Gia_Si%C3%AAu,Trung Quốc; (1997–nay); Anh Quốc; (1957–2012)
703,Lục Trị Nguyên,Person,https://vi.wikipedia.org/wiki/L%E1%BB%A5c_Tr%E1%BB%8B_Nguy%C3%AAn,Trung Quốc
706,Mahbub ul Haq,Person,https://vi.wikipedia.org/wiki/Mahbub_ul_Haq,Pakistan
709,Lưu Quốc Trung,Person,https://vi.wikipedia.org/wiki/L%C6%B0u_Qu%E1%BB%91c_Trung,Trung Quốc
711,Mamnoon Hussain,Person,https://vi.wikipedia.org/wiki/Mamnoon_Hussain,Pakistan
722,Lương Cường,Person,https://vi.wikipedia.org/wiki/L%C6%B0%C6%A1ng_C%C6%B0%E1%BB%9Dng,Việt Nam
731,Marin Alsop,Person,https://vi.wikipedia.org/wiki/Marin_Alsop,Hoa Kỳ
735,Margaret Thatcher,Person,https://vi.wikipedia.org/wiki/Margaret_Thatcher,Anh Quốc
736,Mark Gordon (chính trị gia),Person,https://vi.wikipedia.org/wiki/Mark_Gordon_%28ch%C3%ADnh_tr%E1%BB%8B_gia%29,Hoa Kỳ
740,Mary McAleese,Person,https://vi.wikipedia.org/wiki/Mary_McAleese,Ai Len
743,Mark Zuckerberg,Person,https://vi.wikipedia.org/wiki/Mark_Zuckerberg,Hoa Kỳ
746,Max Bruch,Person,https://vi.wikipedia.org/wiki/Max_Bruch,Đức
749,Maurice Allais,Person,https://vi.wikipedia.org/wiki/Maurice_Allais,Pháp
755,Mehriban Aliyeva,Person,https://vi.wikipedia.org/wiki/Mehriban_Aliyeva,Azerbaijan
759,Merton Miller,Person,https://vi.wikipedia.org/wiki/Merton_Miller,Hoa Kỳ
760,Michael Spence,Person,https://vi.wikipedia.org/wiki/Michael_Spence,Hoa Kỳ
766,Micheál Martin,Person,https://vi.wikipedia.org/wiki/Miche%C3%A1l_Martin,Cộng hòa Ireland
767,Miguel de la Madrid,Person,https://vi.wikipedia.org/wiki/Miguel_de_la_Madrid,Người Mexico
770,Michelangelo,Person,https://vi.wikipedia.org/wiki/Michelangelo,Ý
774,Mikhail Andreyevich Suslov,Person,https://vi.wikipedia.org/wiki/Mikhail_Andreyevich_Suslov,Nga
779,Mike Dunleavy,Person,https://vi.wikipedia.org/wiki/Mike_Dunleavy,Hoa Kỳ
784,Min Aung Hlaing,Person,https://vi.wikipedia.org/wiki/Min_Aung_Hlaing,Myanmar
785,Mitt Romney,Person,https://vi.wikipedia.org/wiki/Mitt_Romney,Mỹ
787,Michelle Lujan Grisham,Person,https://vi.wikipedia.org/wiki/Michelle_Lujan_Grisham,Hoa Kỳ
794,Milton Friedman,Person,https://vi.wikipedia.org/wiki/Milton_Friedman,Hoa Kỳ
795,Moussa Koussa,Person,https://vi.wikipedia.org/wiki/Moussa_Koussa,Libya
805,Myron Scholes,Person,https://vi.wikipedia.org/wiki/Myron_Scholes,"Canada , Hoa Kỳ"
807,Muhammadu Buhari,Person,https://vi.wikipedia.org/wiki/Muhammadu_Buhari,Người Nigeria
811,Mã Hiểu Vĩ,Person,https://vi.wikipedia.org/wiki/M%C3%A3_Hi%E1%BB%83u_V%C4%A9,Trung Quốc
812,Mike DeWine,Person,https://vi.wikipedia.org/wiki/Mike_DeWine,Hoa Kỳ
813,Moon Jae-in,Person,https://vi.wikipedia.org/wiki/Moon_Jae-in,Hàn Quốc
823,Neville Chamberlain,Person,https://vi.wikipedia.org/wiki/Neville_Chamberlain,Anh
825,Nguyễn Hữu Có,Person,https://vi.wikipedia.org/wiki/Nguy%E1%BB%85n_H%E1%BB%AFu_C%C3%B3,Việt Nam; Việt Nam Cộng hòa; (Đã sụp đổ)
826,Nghê Nhạc Phong,Person,https://vi.wikipedia.org/wiki/Ngh%C3%AA_Nh%E1%BA%A1c_Phong,Trung Quốc
828,Nghê Hồng,Person,https://vi.wikipedia.org/wiki/Ngh%C3%AA_H%E1%BB%93ng,Trung Quốc
829,Ngô Bang Quốc,Person,https://vi.wikipedia.org/wiki/Ng%C3%B4_Bang_Qu%E1%BB%91c,Trung Quốc
831,Ned Lamont,Person,https://vi.wikipedia.org/wiki/Ned_Lamont,Hoa Kỳ
833,Nguyễn Minh Triết,Person,https://vi.wikipedia.org/wiki/Nguy%E1%BB%85n_Minh_Tri%E1%BA%BFt,Việt Nam
844,Nguyễn Xuân Phúc,Person,https://vi.wikipedia.org/wiki/Nguy%E1%BB%85n_Xu%C3%A2n_Ph%C3%BAc,Việt Nam
845,Norman Naimark,Person,https://vi.wikipedia.org/wiki/Norman_Naimark,Mỹ
848,Numan Kurtulmuş,Person,https://vi.wikipedia.org/wiki/Numan_Kurtulmu%C5%9F,Thổ Nhĩ Kỳ
851,Nguyễn Tấn Dũng,Person,https://vi.wikipedia.org/wiki/Nguy%E1%BB%85n_T%E1%BA%A5n_D%C5%A9ng,Việt Nam
852,Ole von Beust,Person,https://vi.wikipedia.org/wiki/Ole_von_Beust,Đức
853,Odysseas Elytis,Person,https://vi.wikipedia.org/wiki/Odysseas_Elytis,Hy Lạp
867,Palmiro Togliatti,Person,https://vi.wikipedia.org/wiki/Palmiro_Togliatti,Italian
868,Pablo Picasso,Person,https://vi.wikipedia.org/wiki/Pablo_Picasso,Tây Ban Nha
876,Patsy Cline,Person,https://vi.wikipedia.org/wiki/Patsy_Cline,Hoa Kỳ
877,Patrice de Mac Mahon,Person,https://vi.wikipedia.org/wiki/Patrice_de_Mac_Mahon,người Pháp
878,Oliver Cromwell,Person,https://vi.wikipedia.org/wiki/Oliver_Cromwell,Anh
879,Paul Martin,Person,https://vi.wikipedia.org/wiki/Paul_Martin,Canadian
882,Peter A. Diamond,Person,https://vi.wikipedia.org/wiki/Peter_A._Diamond,Hoa Kỳ
883,Paul Samuelson,Person,https://vi.wikipedia.org/wiki/Paul_Samuelson,Hoa Kỳ
893,Phan Công Thắng,Person,https://vi.wikipedia.org/wiki/Phan_C%C3%B4ng_Th%E1%BA%AFng,Trung Quốc
894,Peter Paul Rubens,Person,https://vi.wikipedia.org/wiki/Peter_Paul_Rubens,Vlaanderen ( Flanders )
897,Philip de László,Person,https://vi.wikipedia.org/wiki/Philip_de_L%C3%A1szl%C3%B3,"Vương quốc Liên hiệp Anh và Bắc Ireland , Vương quốc Liên hiệp Anh và Ireland , Hungary"
898,Phil Scott,Person,https://vi.wikipedia.org/wiki/Phil_Scott,Hoa Kỳ
899,Phan Nhạc (chính khách),Person,https://vi.wikipedia.org/wiki/Phan_Nh%E1%BA%A1c_%28ch%C3%ADnh_kh%C3%A1ch%29,Trung Quốc
903,Pete Ricketts,Person,https://vi.wikipedia.org/wiki/Pete_Ricketts,Hoa Kỳ
904,Piet Mondrian,Person,https://vi.wikipedia.org/wiki/Piet_Mondrian,Hà Lan
905,Philipp Rösler,Person,https://vi.wikipedia.org/wiki/Philipp_R%C3%B6sler,Đức
913,Phil Murphy,Person,https://vi.wikipedia.org/wiki/Phil_Murphy,Hoa Kỳ
919,Rafael Mandelman,Person,https://vi.wikipedia.org/wiki/Rafael_Mandelman,Hoa Kỳ
920,Rahul Gandhi,Person,https://vi.wikipedia.org/wiki/Rahul_Gandhi,Ấn Độ
922,Phạm Minh Chính,Person,https://vi.wikipedia.org/wiki/Ph%E1%BA%A1m_Minh_Ch%C3%ADnh,Việt Nam
924,Ralph Vaughan Williams,Person,https://vi.wikipedia.org/wiki/Ralph_Vaughan_Williams,Vương quốc Liên hiệp Anh và Bắc Ireland
933,Ramsay MacDonald,Person,https://vi.wikipedia.org/wiki/Ramsay_MacDonald,Anh
934,René Magritte,Person,https://vi.wikipedia.org/wiki/Ren%C3%A9_Magritte,Bỉ
939,Richard Stone,Person,https://vi.wikipedia.org/wiki/Richard_Stone,Vương quốc Anh
941,Richard Thaler,Person,https://vi.wikipedia.org/wiki/Richard_Thaler,Hoa Kỳ
942,René Descartes,Person,https://vi.wikipedia.org/wiki/Ren%C3%A9_Descartes,Pháp
943,Richard Wagner,Person,https://vi.wikipedia.org/wiki/Richard_Wagner,Vương quốc Sachsen
945,Richard Attenborough,Person,https://vi.wikipedia.org/wiki/Richard_Attenborough,Anh
949,Robert A. Heinlein,Person,https://vi.wikipedia.org/wiki/Robert_A._Heinlein,Mỹ
950,Robert Bridges,Person,https://vi.wikipedia.org/wiki/Robert_Bridges,Vương quốc Liên hiệp Anh và Bắc Ireland
953,Robert Abela,Person,https://vi.wikipedia.org/wiki/Robert_Abela,Malta
954,Robert F. Engle,Person,https://vi.wikipedia.org/wiki/Robert_F._Engle,Hoa Kỳ
956,"Robert Lucas, Jr.",Person,https://vi.wikipedia.org/wiki/Robert_Lucas%2C_Jr.,Hoa Kỳ
957,Robert Fogel,Person,https://vi.wikipedia.org/wiki/Robert_Fogel,Hoa Kỳ
962,Robert Mundell,Person,https://vi.wikipedia.org/wiki/Robert_Mundell,Canada
965,Robert Schumann,Person,https://vi.wikipedia.org/wiki/Robert_Schumann,Vương quốc Sachsen
975,Robert Solow,Person,https://vi.wikipedia.org/wiki/Robert_Solow,Hoa Kỳ
977,Ronald Coase,Person,https://vi.wikipedia.org/wiki/Ronald_Coase,Vương quốc Anh
981,Rudolf Hess,Person,https://vi.wikipedia.org/wiki/Rudolf_Hess,Đức
987,Saif al-Islam Gaddafi,Person,https://vi.wikipedia.org/wiki/Saif_al-Islam_Gaddafi,Libyan
990,Sam Lansky,Person,https://vi.wikipedia.org/wiki/Sam_Lansky,Mỹ
1005,Satya Nadella,Person,https://vi.wikipedia.org/wiki/Satya_Nadella,Hoa Kỳ [ 1 ]
1008,Roy Cooper,Person,https://vi.wikipedia.org/wiki/Roy_Cooper,Hoa Kỳ
1009,Seni Pramoj,Person,https://vi.wikipedia.org/wiki/Seni_Pramoj,Thai
1020,Simon Rattle,Person,https://vi.wikipedia.org/wiki/Simon_Rattle,Vương quốc Liên hiệp Anh và Bắc Ireland
1021,Simon Kuznets,Person,https://vi.wikipedia.org/wiki/Simon_Kuznets,Hoa Kỳ
1028,Stephen Kotkin,Person,https://vi.wikipedia.org/wiki/Stephen_Kotkin,Hoa Kỳ
1029,Stephen Crane,Person,https://vi.wikipedia.org/wiki/Stephen_Crane,Hoa Kỳ
1030,Spencer Cox,Person,https://vi.wikipedia.org/wiki/Spencer_Cox,Hoa Kỳ
1038,Suthep Thaugsuban,Person,https://vi.wikipedia.org/wiki/Suthep_Thaugsuban,Thai
1042,Sundar Pichai,Person,https://vi.wikipedia.org/wiki/Sundar_Pichai,Ấn Độ; Hoa Kỳ
1043,T. Keith Glennan,Person,https://vi.wikipedia.org/wiki/T._Keith_Glennan,Hoa Kỳ
1056,Thabo Mbeki,Person,https://vi.wikipedia.org/wiki/Thabo_Mbeki,Nam Phi
1060,Steve Sisolak,Person,https://vi.wikipedia.org/wiki/Steve_Sisolak,Hoa Kỳ
1061,Tate Reeves,Person,https://vi.wikipedia.org/wiki/Tate_Reeves,Hoa Kỳ
1062,Theodore Schultz,Person,https://vi.wikipedia.org/wiki/Theodore_Schultz,Hoa Kỳ
1068,Thomas J. Sargent,Person,https://vi.wikipedia.org/wiki/Thomas_J._Sargent,Hoa Kỳ
1070,Thomas Piketty,Person,https://vi.wikipedia.org/wiki/Thomas_Piketty,Pháp
1076,Thận Hải Hùng,Person,https://vi.wikipedia.org/wiki/Th%E1%BA%ADn_H%E1%BA%A3i_H%C3%B9ng,Trung Quốc
1081,Thạch Thái Phong,Person,https://vi.wikipedia.org/wiki/Th%E1%BA%A1ch_Th%C3%A1i_Phong,Trung Quốc
1082,Thái Kỳ,Person,https://vi.wikipedia.org/wiki/Th%C3%A1i_K%E1%BB%B3,Trung Quốc
1089,Tim Walz,Person,https://vi.wikipedia.org/wiki/Tim_Walz,Hoa Kỳ
1091,Tony Evers,Person,https://vi.wikipedia.org/wiki/Tony_Evers,Hoa Kỳ
1092,Trygve Haavelmo,Person,https://vi.wikipedia.org/wiki/Trygve_Haavelmo,Na Uy
1094,Triệu Lạc Tế,Person,https://vi.wikipedia.org/wiki/Tri%E1%BB%87u_L%E1%BA%A1c_T%E1%BA%BF,Trung Quốc
1096,Trương Quân,Person,https://vi.wikipedia.org/wiki/Tr%C6%B0%C6%A1ng_Qu%C3%A2n,Trung Quốc
1097,Tony Atkinson,Person,https://vi.wikipedia.org/wiki/Tony_Atkinson,Anh
1101,Trần Phùng Phú Trân,Person,https://vi.wikipedia.org/wiki/Tr%E1%BA%A7n_Ph%C3%B9ng_Ph%C3%BA_Tr%C3%A2n,Hồng Kông; Canada; [; 1; ]
1103,Trần Nhất Tân,Person,https://vi.wikipedia.org/wiki/Tr%E1%BA%A7n_Nh%E1%BA%A5t_T%C3%A2n,Trung Quốc
1104,Thầm Di Cầm,Person,https://vi.wikipedia.org/wiki/Th%E1%BA%A7m_Di_C%E1%BA%A7m,Trung Quốc
1106,Trần Mẫn Nhĩ,Person,https://vi.wikipedia.org/wiki/Tr%E1%BA%A7n_M%E1%BA%ABn_Nh%C4%A9,Trung Quốc
1107,Tom Wolf,Person,https://vi.wikipedia.org/wiki/Tom_Wolf,Hoa Kỳ
1108,Trần Văn Thanh (chính khách Trung Quốc),Person,https://vi.wikipedia.org/wiki/Tr%E1%BA%A7n_V%C4%83n_Thanh_%28ch%C3%ADnh_kh%C3%A1ch_Trung_Qu%E1%BB%91c%29,Trung Quốc
1111,Trần Thủy Biển,Person,https://vi.wikipedia.org/wiki/Tr%E1%BA%A7n_Th%E1%BB%A7y_Bi%E1%BB%83n,Trung Hoa Dân Quốc (Đài Loan)
1112,Tào Ngu,Person,https://vi.wikipedia.org/wiki/T%C3%A0o_Ngu,Trung Quốc
1113,Tôn Nghiệp Lễ,Person,https://vi.wikipedia.org/wiki/T%C3%B4n_Nghi%E1%BB%87p_L%E1%BB%85,Trung Quốc
1114,Trần Văn Đôn,Person,https://vi.wikipedia.org/wiki/Tr%E1%BA%A7n_V%C4%83n_%C4%90%C3%B4n,Pháp; Việt Nam Cộng hòa
1116,Tề Tâm,Person,https://vi.wikipedia.org/wiki/T%E1%BB%81_T%C3%A2m,Trung Quốc
1118,Tôn Thất Đính,Person,https://vi.wikipedia.org/wiki/T%C3%B4n_Th%E1%BA%A5t_%C4%90%C3%ADnh,Hoa Kỳ; Việt Nam Cộng hòa
1119,Trịnh Sách Khiết,Person,https://vi.wikipedia.org/wiki/Tr%E1%BB%8Bnh_S%C3%A1ch_Khi%E1%BA%BFt,Trung Quốc
1120,Tưởng Kinh Quốc,Person,https://vi.wikipedia.org/wiki/T%C6%B0%E1%BB%9Fng_Kinh_Qu%E1%BB%91c,Người Hoa
1123,Umaru Musa Yar'Adua,Person,https://vi.wikipedia.org/wiki/Umaru_Musa_Yar%27Adua,Nigeria
1125,Tưởng Giới Thạch,Person,https://vi.wikipedia.org/wiki/T%C6%B0%E1%BB%9Fng_Gi%E1%BB%9Bi_Th%E1%BA%A1ch,Trung Hoa Dân Quốc
1128,Tôn Trung Sơn,Person,https://vi.wikipedia.org/wiki/T%C3%B4n_Trung_S%C6%A1n,Trung Hoa Dân Quốc
1140,Trương Quốc Thanh,Person,https://vi.wikipedia.org/wiki/Tr%C6%B0%C6%A1ng_Qu%E1%BB%91c_Thanh,Trung Quốc
1151,Võ Văn Thưởng,Person,https://vi.wikipedia.org/wiki/V%C3%B5_V%C4%83n_Th%C6%B0%E1%BB%9Fng,Việt Nam
1152,Vincent van Gogh,Person,https://vi.wikipedia.org/wiki/Vincent_van_Gogh,Hà Lan
1153,Vladimir Vladimirovich Putin,Person,https://vi.wikipedia.org/wiki/Vladimir_Vladimirovich_Putin,Nga
1156,Vương Hiểu Bình,Person,https://vi.wikipedia.org/wiki/V%C6%B0%C6%A1ng_Hi%E1%BB%83u_B%C3%ACnh,Trung Quốc
1157,Vương Quân (sinh năm 1958),Person,https://vi.wikipedia.org/wiki/V%C6%B0%C6%A1ng_Qu%C3%A2n_%28sinh_n%C4%83m_1958%29,Trung Quốc
1165,Vương Quảng Hoa,Person,https://vi.wikipedia.org/wiki/V%C6%B0%C6%A1ng_Qu%E1%BA%A3ng_Hoa,Trung Quốc
1167,Tập Cận Bình,Person,https://vi.wikipedia.org/wiki/T%E1%BA%ADp_C%E1%BA%ADn_B%C3%ACnh,Trung Quốc
1168,Vương Hỗ Ninh,Person,https://vi.wikipedia.org/wiki/V%C6%B0%C6%A1ng_H%E1%BB%97_Ninh,Trung Quốc
1172,Vương Tường Hỉ,Person,https://vi.wikipedia.org/wiki/V%C6%B0%C6%A1ng_T%C6%B0%E1%BB%9Dng_H%E1%BB%89,Trung Quốc
1173,Wilhelm Frick,Person,https://vi.wikipedia.org/wiki/Wilhelm_Frick,Đức
1174,Vương Tiểu Hồng,Person,https://vi.wikipedia.org/wiki/V%C6%B0%C6%A1ng_Ti%E1%BB%83u_H%E1%BB%93ng,Trung Quốc
1191,William Vickrey,Person,https://vi.wikipedia.org/wiki/William_Vickrey,Canada
1196,Yamauchi Hiroshi,Person,https://vi.wikipedia.org/wiki/Yamauchi_Hiroshi,Nhật Bản
1199,Xavier Bettel,Person,https://vi.wikipedia.org/wiki/Xavier_Bettel,Luxembourg
1212,Âm Hòa Tuấn,Person,https://vi.wikipedia.org/wiki/%C3%82m_H%C3%B2a_Tu%E1%BA%A5n,Trung Quốc
1215,Ân Dũng,Person,https://vi.wikipedia.org/wiki/%C3%82n_D%C5%A9ng,Trung Quốc
1216,Yoon Suk-yeol,Person,https://vi.wikipedia.org/wiki/Yoon_Suk-yeol,Hàn Quốc
1220,Yingluck Shinawatra,Person,https://vi.wikipedia.org/wiki/Yingluck_Shinawatra,Thái Lan; Serbia; [; 1; ]
1226,Đường Lương Trí,Person,https://vi.wikipedia.org/wiki/%C4%90%C6%B0%E1%BB%9Dng_L%C6%B0%C6%A1ng_Tr%C3%AD,Trung Quốc
1229,Đổng Quân,Person,https://vi.wikipedia.org/wiki/%C4%90%E1%BB%95ng_Qu%C3%A2n,Trung Quốc
1231,Đinh Tiết Tường,Person,https://vi.wikipedia.org/wiki/%C4%90inh_Ti%E1%BA%BFt_T%C6%B0%E1%BB%9Dng,Trung Quốc
