title,infobox_json
Indiana University Robert H. McKinney School of Law,{}
Hanover College,{}
Viện Chính trị Quân sự Lenin,{}
Texas A&M University,{}
Trường Đại học Philippines,{}
Trường luật San Beda,{}
Trường Luật Đại học California tại San Francisco,{}
Trường Dịch vụ Đối ngoại,"{""Khẩu hiệu"": ""Utraque Unum (From both, one)"", ""Loại hình"": ""Đại học tư thục , Đại học giáo dục khai phóng"", ""Thành lập"": ""1919 [ 1 ]"", ""Tổ chức mẹ"": ""Viện Đại học Georgetown ."", ""Liên kết"": ""APSIA"", ""Giám đốc"": ""Joel Hellman"", ""Giảng viên"": [""134 tại"", ""Washington, D.C."", ""52 tại"", ""Doha"", "","", ""Qatar"", ""["", ""2"", ""]""], ""Sinh viên"": ""2,273 [ 1 ]"", ""Sinh viên đại học"": ""1,423 [ 1 ]"", ""Sinh viên sau đại học"": ""850 [ 1 ]"", ""Địa chỉ"": [""Washington, D.C."", "","", ""Hoa Kỳ"", ""38°54′32″B"", ""77°4′25″T"", ""﻿ / ﻿"", ""38,90889°B 77,07361°T"", ""﻿ /"", ""38.90889; -77.07361""], ""Khuôn viên"": ""Thành thị""}"
"Đại học California, Berkeley","{""Loại"": ""Công lập"", ""Khẩu hiệu"": [""Fiat lux"", ""("", ""Latinh"", "")"", ""(Hãy có ánh sáng)""], ""Thành lập"": ""23 tháng 3 năm 1868 ; 157 năm trước ( 1868-03-23 )"", ""Giảng viên"": ""1.950"", ""Khuôn viên"": ""Nội Thành , 1.232 acre (5 km²)\nTổng diện tích sở hữu: 6,679 acre (27 km²)"", ""Linh vật"": ""Oski the Bear"", ""Tài trợ"": ""4,6 tỷ đô la Mỹ (2018)"", ""Thể thao"": ""California Golden Bears"", ""Website"": ""www.berkeley.edu"", ""Hiệu trưởng danh dự"": ""Robert Birgeneau"", ""Sinh viên đại học"": ""30.853"", ""Sinh viên sau đại học"": ""11.666""}"
Đại học Công nghệ Quốc gia Ural,{}
Đại học,{}
Đại học Eureka,{}
Đại học Duke,"{""Tên cũ"": ""Brown School (1838–1841) Union Institute (1841–1851) Normal College (1851–1859) Trinity College (1859–1924)"", ""Khẩu hiệu"": ""Eruditio et Religio ( Tiếng Latinh ) [ 1 ]"", ""Loại hình"": ""Tư thục"", ""Thành lập"": ""1838"", ""Tài trợ"": ""$12.70 tỉ (2021) [ 2 ] (Trường cũng là nguồn hưởng hoa lợi chính (32%) của tổ chức độc lập Duke Endowment trị giá $3.4 tỉ) [ 3 ]"", ""Kinh phí"": ""$7.7 tỉ (trong năm tài khóa 2022) [ 4 ]"", ""Giảng viên"": ""3,522 (Thu 2016) [ 3 ]"", ""Nhân viên quản lý"": ""8,435 Nhân viên khuôn viên 37,142 Nhân viên toàn hệ thống đại học và y tế (tính tới tháng 7 năm 2015) [ 3 ]"", ""Sinh viên"": ""14,832 (Thu 2016) [ 3 ]"", ""Sinh viên đại học"": ""6,449 (Thu 2016) [ 3 ]"", ""Sinh viên sau đại học"": ""8,383 (Thu 2016) [ 3 ]"", ""Vị trí"": [""Durham"", "","", ""North Carolina"", "","", ""Mỹ"", ""36°0′4″B"", ""78°56′20″T"", ""﻿ / ﻿"", ""36,00111°B 78,93889°T"", ""﻿ /"", ""36.00111; -78.93889""], ""Khuôn viên"": ""Ngoại ô 8.691 mẫu Anh (35,2 km 2 ) [ 3 ]"", ""Màu"": [""màu xanh Duke, trắng"", ""["", ""5"", ""]"", ""["", ""6"", ""]""]}"
Đại học Delaware,"{""Khẩu hiệu"": ""Scientia Sol Mentis Est ( tiếng Latin )"", ""Khẩu hiệu trong Tiếng Anh"": ""Kiến thức là ánh sáng của tâm trí"", ""Loại hình"": ""trường đại học nghiên cứu tư thục - công lập"", ""Thành lập"": ""1833 ; 192 năm trước ( 1833 ) (antecedent school founded 1743 and chartered 1769)"", ""Liên kết học tập"": [""Sea-grant"", ""Space-grant""], ""Tài trợ"": ""$1.466 billion (2019) [ 1 ]"", ""Viện trưởng"": ""Dennis Assanis"", ""Giảng viên"": ""1.172 (2012) [ 2 ]"", ""Nhân viên quản lý"": ""4.004"", ""Sinh viên"": ""24.120 (mùa Thu 2018) [ 3 ]"", ""Sinh viên đại học"": ""18.221 (mùa Thu 2018) [ 3 ]"", ""Sinh viên sau đại học"": ""4.164 (mùa Thu 2018) [ 3 ]"", ""Sinh viên khác"": ""1.735 (mùa Thu 2018) [ 3 ]"", ""Vị trí"": ""Newark , Delaware , Hoa Kỳ"", ""Khuôn viên"": ""Ngoại ô 2.012 mẫu Anh (8,14 km 2 ) [ 4 ]"", ""Màu"": [""Xanh biển vàng kim"", ""["", ""5"", ""]""], ""Biệt danh"": ""Fightin' Blue Hens"", ""Liên kết thể thao"": ""NCAA Division I FCS – CAA"", ""Linh vật"": ""YoUDee"", ""Website"": ""www .udel .edu""}"
Học viện Hải quân Hoa Kỳ,"{""Loại"": ""Học viện quân sự liên bang"", ""Khẩu hiệu"": ""Ex Scientia Tridens ( From Knowledge, Seapower )"", ""Thành lập"": ""10 tháng 10 năm 1845"", ""Hiệu trưởng"": ""Rodney P. Rempt"", ""Khuôn viên"": ""Căn cứ Hải quân , 338 mẫu Anh"", ""Màu"": ""Xanh █ Vàng █"", ""Linh vật"": ""Bill the Goat"", ""Athletics"": ""Extensive varsity and intramural program"", ""Website"": ""www.usna.edu"", ""Sinh viên đại học"": ""4.400""}"
Đại học Bonn,"{""Loại hình"": ""Đại học công lập"", ""Thành lập"": [""1777"", ""; 248 năm trước"", ""("", ""1777"", "")"", ""("", ""Kurkölnische Akademie Bonn"", "");"", ""18 tháng 10 năm 1818"", ""; 207 năm trước"", ""("", ""1818-10-18"", "")"", ""(Đại học Bonn)""], ""Kinh phí"": ""850,2 triệu euro (không bao gồm bệnh viện đại học) [ 2 ]"", ""Hiệu trưởng"": ""Michael Hoch"", ""Giảng viên"": ""4,537 [ 3 ]"", ""Nhân viên quản lý"": ""1,759 [ 3 ]"", ""Sinh viên"": ""35,619 [ 3 ]"", ""Vị trí"": ""Bonn , Đức"", ""Khuôn viên"": ""Đô thị"", ""Màu"": ""Xanh, vàng, xám"", ""Liên kết"": ""Hiệp hội đại học châu Âu , German U15 , FGU , Erasmus , Excellence Initiative"", ""Website"": ""uni-bonn .de""}"
Đại học New York,"{""Loại"": ""Tư thục [ 1 ]"", ""Khẩu hiệu"": [""Perstare et praestare"", ""("", ""tiếng Latin"", "")"", ""(Bảo tồn và phát huy)""], ""Thành lập"": ""1831 [ 1 ]"", ""Hiệu trưởng"": ""John Sexton (sắp thôi việc) [ 9 ] Andrew D. Hamilton (đã phân công, sẽ tiếp quản từ tháng 1 năm 2016) [ 10 ]"", ""Nhân viên"": ""2.242 [ 4 ] [ 5 ]"", ""Giảng viên"": ""9.489 [ 6 ]"", ""Số Sinh viên"": ""57.245 [ 12 ]"", ""Dạng thời khóa biểu"": ""Học kỳ [ 1 ]"", ""Khuôn viên"": ""Đô thị : 230 mẫu Anh (0,93 km 2 ) (khuôn viên tại Manhattan) [ 14 ]"", ""Màu"": ""Màu tím mayfair [ 15 ]"", ""Linh vật"": ""Linh miêu đuôi cộc"", ""Biệt danh"": ""Tím NYU"", ""Tài trợ"": ""3,5 tỷ USD (2014) [ 2 ]"", ""Kinh phí"": ""7,4 tỷ USD (2014-2015) [ 3 ]"", ""Báo trường"": ""Washington Square News"", ""Website"": ""www .nyu .edu"", ""Phó hiệu trưởng"": ""David W. McLaughlin [ 11 ]"", ""Sinh viên đại học"": ""24.985 [ 13 ]"", ""Sinh viên sau đại học"": ""24.289 [ 13 ]""}"
Đại học Giessen,{}
Đại học Columbia,"{""Tên cũ"": [""King's College"", ""(1754–1784)"", ""Columbia College"", ""(1784–1896)""], ""Khẩu hiệu"": ""In lumine Tuo videbimus lumen ( tiếng Latinh )"", ""Khẩu hiệu trong Tiếng Anh"": ""\""In Thy light shall we see light\"" [ 2 ]"", ""Loại hình"": ""Đại học nghiên cứu tư thục"", ""Thành lập"": ""25 tháng 5 năm 1754 ; 271 năm trước ( 1754-05-25 )"", ""Công nhận"": ""MSCHE"", ""Liên kết học tập"": ""AAU NAICU URA Space-grant"", ""Tài trợ"": ""14,8 tỷ đô la Mỹ (2024) [ 3 ]"", ""Kinh phí"": ""6,6 tỷ đô la Mỹ (2024) [ 4 ]"", ""Viện trưởng"": ""Claire Shipman (quyền)"", ""Phó hiệu trưởng"": ""Angela Olinto"", ""Giảng viên"": ""4,628 [ 5 ]"", ""Sinh viên"": ""36,649 [ 6 ]"", ""Sinh viên đại học"": ""9,761 [ 6 ]"", ""Sinh viên sau đại học"": ""26,888 [ 6 ]"", ""Vị trí"": [""Thành phố New York"", "","", ""New York"", "","", ""Hoa Kỳ"", ""40°48′27″B"", ""73°57′43″T"", ""﻿ / ﻿"", ""40,8075°B 73,96194°T"", ""﻿ /"", ""40.80750; -73.96194""], ""Khuôn viên"": ""Đô thị , 299 mẫu Anh (1,21 km 2 )"", ""Tờ báo"": ""Columbia Daily Spectator"", ""Màu"": [""Columbia Blue và White"", ""["", ""7"", ""]""], ""Biệt danh"": ""Lions"", ""Liên kết thể thao"": ""NCAA Division I FCS – Ivy League EARC IRA EAWRC"", ""Linh vật"": ""Roar-ee the Lion"", ""Website"": ""columbia .edu""}"
Đại học Idaho,{}
Đại học Howard,"{""Loại"": ""Tư nhân"", ""Khẩu hiệu"": ""Veritas et Utilitas ( Truth and Service )"", ""Thành lập"": ""tháng 3 năm 1867"", ""Hiệu trưởng"": ""H. Patrick Swygert"", ""Nhân viên"": ""2.120"", ""Khuôn viên"": ""Đô thị"", ""Linh vật"": ""Bison"", ""Tài trợ"": ""424 triệu USD [ 1 ]"", ""Athletics"": ""NCAA Division 1\n16 sports teams"", ""Website"": ""www.howard.edu"", ""Sinh viên đại học"": ""12.000"", ""Sinh viên sau đại học"": ""3.617""}"
Đại học Heidelberg,"{""Khẩu hiệu"": ""Semper apertus ( tiếng Latinh ) [ 4 ]"", ""Khẩu hiệu trong Tiếng Anh"": ""Always open"", ""Loại hình"": ""Đại học công lập"", ""Thành lập"": ""18 tháng 10 năm 1386 ; 639 năm trước ( 1386-10-18 )"", ""Kinh phí"": ""764,9 triệu euro (2018) [ 5 ]"", ""Chưởng ấn"": ""Holger Schroeter"", ""Viện trưởng"": ""Frauke Melchior"", ""Nhân viên quản lý"": ""8,397 [ 6 ]"", ""Sinh viên"": ""28,959 (SS2024) [ 7 ]"", ""Sinh viên đại học"": ""10,458 [ 7 ]"", ""Sinh viên sau đại học"": ""13,410 [ 7 ]"", ""Nghiên cứu sinh"": ""4,114 [ 7 ]"", ""Vị trí"": [""Heidelberg"", "","", ""Baden-Württemberg"", "","", ""Đức""], ""Khuôn viên"": ""Đô thị / Làng đại học và ngoại ô"", ""Màu"": [""Sandstone red and gold""], ""Liên kết"": ""German Universities Excellence Initiative , LERU , Coimbra Group , U15 , Hiệp hội đại học châu Âu"", ""Website"": ""www .uni-heidelberg .de /en""}"
Đại học Freiburg,"{""Loại"": ""Đại học công lập"", ""Khẩu hiệu"": ""Die Wahrheit wird euch frei machen (\""The Truth Will Set You free\"")"", ""Thành lập"": ""1457"", ""Hiệu trưởng"": ""Prof. Dr. Hans-Jochen Schiewer"", ""Nhân viên"": ""4.578 cán bộ khoa học (gồm cả trung tâm y tế)"", ""Số Sinh viên"": ""21.622"", ""Màu"": ""Xanh da trời, đỏ, trắng"", ""Tài trợ"": ""268,3 triệu EUR p.a., [ 1 ] Medical Center ca. 560 mio EUR p.a. [ 2 ]"", ""Website"": ""www.uni-freiburg.de"", ""Thành viên"": ""EUA , IFPU , EUCOR LERU""}"
Đại học Leipzig,"{""Loại"": ""công"", ""Khẩu hiệu"": ""Aus Tradition Grenzen überschreiten"", ""Thành lập"": ""1409"", ""Hiệu trưởng"": ""Beate Schücking"", ""Nhân viên"": ""3.246 (2009)"", ""Số Sinh viên"": ""28.125 (mùa Đông 2011/2012)"", ""Khuôn viên"": ""thành thị"", ""Website"": ""www.uni-leipzig.de/""}"
Đại học Johns Hopkins,"{""Khẩu hiệu"": ""Veritas vos liberabit ( tiếng Latinh )"", ""Khẩu hiệu trong Tiếng Anh"": ""\"" The truth will set you free \"""", ""Loại hình"": ""Đại học nghiên cứu tư thục"", ""Thành lập"": ""22 tháng 2 năm 1876 ; 149 năm trước ( 1876-02-22 )"", ""Công nhận"": ""MSCHE"", ""Liên kết học tập"": ""Hiệp hội Viện Đại học Mỹ COFHE CUWMA NAICU ORAU UARC URA Space-grant"", ""Tài trợ"": ""13,06 tỷ đô la Mỹ ( FY 2024) [ 3 ]"", ""Viện trưởng"": ""Ronald J. Daniels"", ""Phó hiệu trưởng"": ""Ray Jayawardhana"", ""Tổng nhân viên"": ""27,300 [ 4 ]"", ""Sinh viên"": ""30,549 (2022)"", ""Sinh viên đại học"": ""5,318 (2022) [ 5 ] :19"", ""Sinh viên sau đại học"": ""25,231 (2022) [ 5 ] :19"", ""Vị trí"": [""Baltimore"", "","", ""Maryland"", "","", ""Hoa Kỳ"", ""39°19′44″B"", ""76°37′13″T"", ""﻿ / ﻿"", ""39,32889°B 76,62028°T"", ""﻿ /"", ""39.32889; -76.62028""], ""Khuôn viên"": ""Thành phố lớn [ 6 ] , 140 mẫu Anh (57 ha)"", ""Other campuses"": ""Aberdeen California Columbia Elkridge Laurel Owings Mills Rockville St. Petersburg Washington Bologna Nam Kinh Singapore"", ""Tờ báo"": ""The Johns Hopkins News-Letter"", ""Màu"": [""Heritage blue and spirit blue"", ""["", ""7"", ""]""], ""Biệt danh"": ""Blue Jays"", ""Liên kết thể thao"": ""NCAA Division III - Centennial Big Ten MAWPC"", ""Linh vật"": ""Blue Jay"", ""Website"": ""Bản mẫu:Official url""}"
Đại học Georgetown,"{""Tọa độ"": ""38°54′26″B 77°4′22″T ﻿ / ﻿ 38,90722°B 77,07278°T ﻿ / 38.90722; -77.07278"", ""Loại"": ""Đại học nghiên cứu phi lợi nhuận tư thục thành lập bởi hiến chương quốc hội"", ""Khẩu hiệu"": [""Utraque Unum"", ""(từ hai thành một)""], ""Thành lập"": ""23 tháng 1, 1789 [ 1 ]"", ""Sáng lập"": ""John Carroll"", ""Hiệu trưởng"": ""John J. DeGioia"", ""Nhân viên"": ""1.500 [ 4 ]"", ""Giảng viên"": [""Tổng cộng: 2.610"", ""["", ""3"", ""]"", ""1,389 toàn thời gian"", ""1,196 bán thời gian""], ""Số Sinh viên"": [""Tổng cộng: 19.005"", ""7.463 đại học"", ""11.542 sau đại học""], ""Khuôn viên"": ""nội đô , rộng 104 mẫu Anh (42,1 ha) [ 5 ]"", ""Màu"": [""Xanh biển"", ""Xám"", ""["", ""6"", ""]""], ""Biệt danh"": ""Hoyas"", ""Tài trợ"": ""2,59 tỷ USD (2021) [ 2 ]"", ""Website"": ""georgetown .edu""}"
Đại học Osnabrück,{}
Đại học Harvard,"{""Loại"": ""Tư thục"", ""Khẩu hiệu"": [""Veritas"", ""["", ""1"", ""]"", ""(Chân lý)""], ""Thành lập"": ""1636 [ 2 ]"", ""Hiệu trưởng"": ""Lawrence Bacow"", ""Nhân viên"": ""4 671 (2019) [ 5 ]"", ""Giảng viên"": ""2.100 (2009) [ 6 ]"", ""Số Sinh viên"": ""18 819 (2019) [ 4 ]"", ""Dạng thời khóa biểu"": ""Học kỳ"", ""Khuôn viên"": ""Nội thị . Khuôn viên chính: 210 mẫu Anh (85 ha); khu y khoa: 21 mẫu Anh (8,5 ha); khu Allston: 360 mẫu Anh (150 ha); những nơi khác: 4.500 mẫu Anh (1.800 ha) [ 7 ]"", ""Màu"": ""Đỏ thắm"", ""Biệt danh"": ""Harvard Crimson"", ""Tài trợ"": ""53,2 tỉ USD (2021) [ 3 ]"", ""Tờ báo"": ""The Harvard Crimson"", ""Website"": ""Harvard .edu"", ""Sinh viên đại học"": ""6 669 (2019) [ 4 ]"", ""Sinh viên sau đại học"": ""13 120 (2019) [ 4 ]""}"
Đại học Göttingen,"{""Khẩu hiệu"": ""In publica commoda ( tiếng Latinh ) [ 2 ]"", ""Khẩu hiệu trong Tiếng Anh"": ""For the good of all"", ""Loại hình"": ""Đại học công lập"", ""Thành lập"": ""1734 ; 291 năm trước ( 1734 )"", ""Kinh phí"": ""1,438 tỷ euro [ 3 ]"", ""Viện trưởng"": ""Metin Tolan"", ""Giảng viên"": ""4,551 (2021) [ 4 ]"", ""Nhân viên quản lý"": ""8,825 (2021) [ 4 ]"", ""Sinh viên"": ""30,200 (2020–2021) [ 5 ]"", ""Nghiên cứu sinh"": ""713 (2021)"", ""Vị trí"": ""Göttingen , Niedersachsen , Đức"", ""Khuôn viên"": ""Làng đại học"", ""Màu"": ""Dark blue [ 6 ]"", ""Liên kết"": ""German Excellence Universities , Coimbra Group , U15 , EUA , U4 Network, Guild of European Research-Intensive Universities"", ""Website"": ""uni-goettingen .de""}"
Đại học Hamburg,"{""Khẩu hiệu"": ""Der Forschung, der Lehre, der Bildung"", ""Khẩu hiệu trong Tiếng Anh"": ""For research, for teaching, for education"", ""Loại hình"": ""Đại học công lập"", ""Thành lập"": ""1919 ; 106 năm trước ( 1919 )"", ""Liên kết học tập"": ""EUA , Campus Europae , German U15 , German Excellence Initiative"", ""Kinh phí"": ""700 triệu euro [ 2 ]"", ""Chưởng ấn"": ""Martin Hecht"", ""Viện trưởng"": ""Hauke Heekeren [ de ]"", ""Giảng viên"": ""15,331 [ 2 ]"", ""Nhân viên quản lý"": ""8,896 [ 2 ]"", ""Sinh viên"": ""42,819 [ 2 ]"", ""Nghiên cứu sinh"": ""5,898 [ 2 ]"", ""Vị trí"": ""Hamburg , Đức"", ""Khuôn viên"": ""Đô thị"", ""Màu"": [""Red and white""], ""Website"": ""uni-hamburg .de""}"
Đại học Princeton,"{""Loại"": ""Tư thục"", ""Khẩu hiệu"": [""Dei sub numine viget"", ""("", ""Trường phát triển dưới quyền lực của Chúa"", "")""], ""Thành lập"": ""1746"", ""Hiệu trưởng"": ""Christopher L. Eisgruber"", ""Nhân viên"": ""1.103"", ""Khuôn viên"": ""ngoại thành , 500 acre (2.0 km ²)"", ""Biệt danh"": ""Lion"", ""Tài trợ"": ""$11,3 tỉ đôla Mỹ [ 1 ]"", ""Thể thao"": ""38 đội thể thao"", ""Website"": ""www.princeton.edu"", ""Phó hiệu trưởng"": ""Hilary A. Parker"", ""Sinh viên đại học"": ""4.635"", ""Sinh viên sau đại học"": ""1.975""}"
Đại học bang Ohio,"{""Loại"": ""Đại học Công lập"", ""Khẩu hiệu"": [""Disciplina in civitatem"", ""("", ""Latin"", "")"", ""(Education for Citizenship)""], ""Thành lập"": ""1870"", ""Hiệu trưởng"": ""E. Gordon Gee [ 3 ]"", ""Nhân viên"": ""5,584 giảng viên, 21,693 nhân viên [ 2 ]"", ""Số Sinh viên"": ""55,014 (Columbus), 63,217 (tất cả cơ sở) [ 2 ]"", ""Dạng thời khóa biểu"": ""Quarter"", ""Khuôn viên"": [""1.762 mẫu Anh (7 km"", ""2"", "") Cơ sở Columbus"", ""15.904 mẫu Anh (64 km"", ""2"", "") toàn bộ ("", ""Đô thị"", "")"", ""["", ""2"", ""]""], ""Màu"": ""đỏ tươi và xám"", ""Linh vật"": ""Brutus Buckeye"", ""Biệt danh"": ""Buckeyes"", ""Tài trợ"": ""US $ 1.65 tỷ [ 1 ]"", ""Thể thao"": ""19 đội nam và 20 đội nữ"", ""Website"": ""www.osu.edu"", ""Sinh viên đại học"": ""38,479 (Columbus), 46,690 (tất cả cơ sở)"", ""Sinh viên sau đại học"": ""13,339 (Columbus), 13,657 (tất cả cơ sở) [ 4 ]""}"
Đại học Nam California,"{""Khẩu hiệu"": ""tiếng Latinh : Palmam qui meruit ferat"", ""Khẩu hiệu trong Tiếng Anh"": ""\""Let whoever earns the palm bear it\"""", ""Loại hình"": ""Đại học nghiên cứu tư thục"", ""Thành lập"": ""6 tháng 10 năm 1880 ; 145 năm trước ( 1880-10-06 )"", ""Công nhận"": ""WSCUC"", ""Tôn giáo"": ""Không giáo phái, từng là Phong trào Giám lý"", ""Liên kết học tập"": ""Hiệp hội Viện Đại học Mỹ APRU NAICU [ 1 ] UARC Sea-grant Space-grant"", ""Tài trợ"": ""8,2 tỷ đô la Mỹ (2024) [ 2 ]"", ""Kinh phí"": ""7,4 tỷ đô la Mỹ (2023–24) [ 3 ]"", ""Viện trưởng"": ""Carol Folt [ 4 ]"", ""Phó hiệu trưởng"": ""Andrew T. Guzman"", ""Giảng viên"": ""4,767 (2023) [ 3 ]"", ""Nhân viên quản lý"": ""18,123 (2023) [ 3 ]"", ""Sinh viên"": ""49,318 (2021) [ 5 ]"", ""Sinh viên đại học"": ""20,790 (2021) [ 5 ]"", ""Sinh viên sau đại học"": ""28,528 (2021) [ 5 ]"", ""Vị trí"": [""Los Angeles"", "","", ""California"", "","", ""Hoa Kỳ"", ""34°01′14″B"", ""118°17′05″T"", ""﻿ / ﻿"", ""34,0206°B 118,2848°T"", ""﻿ /"", ""34.0206; -118.2848""], ""Khuôn viên"": [""University Park campus, 226 mẫu Anh (0,91 km"", ""2"", "")"", ""["", ""6"", ""]"", ""Health Sciences campus, 79 mẫu Anh (0,32 km"", ""2"", "")"", ""["", ""7"", ""]""], ""Other campuses"": ""Alhambra Sacramento Washington D.C."", ""Tờ báo"": ""Daily Trojan"", ""Màu"": [""Cardinal and gold"", ""["", ""8"", ""]"", ""["", ""9"", ""]""], ""Biệt danh"": ""Trojans"", ""Liên kết thể thao"": ""NCAA Division I FBS – Big Ten ACHA MPSF"", ""Linh vật"": ""Traveler [ 10 ] Tommy Trojan (unofficial)"", ""Website"": ""usc .edu""}"
Đại học Tài chính thuộc Chính phủ Liên bang Nga,{}
Đại học Rostock,{}
Đại học Pennsylvania,"{""Khẩu hiệu"": ""Laws without morals are useless (Luật pháp mà không tuân theo Đạo đức thì vô dụng)"", ""Loại hình"": ""˞ Đại học tư thục , Phi lợi nhuận , Viện Đại học nghiên cứu"", ""Thành lập"": ""14 tháng 11 năm 1740 ( 1740-11-14 ) [ note 1 ]"", ""Sáng lập"": ""Benjamin Franklin"", ""Tài trợ"": ""$14,7 tỷ (2019) [ 4 ]"", ""Kinh phí"": ""$3,5 tỷ (2020) [ 5 ]"", ""Viện trưởng"": ""Amy Gutmann"", ""Phó hiệu trưởng"": ""Wendell Pritchett"", ""Board Chairman"": ""David L. Cohen [ 6 ]"", ""Giảng viên"": ""4.793 (2018) [ 7 ]"", ""Sinh viên"": ""21.960 (2018) [ 7 ]"", ""Sinh viên đại học"": ""10.605 (2018) [ 7 ]"", ""Sinh viên sau đại học"": ""11.355 (2018) [ 7 ]"", ""Vị trí"": ""Philadelphia , Pennsylvania , Hoa Kỳ"", ""Khuôn viên"": [""Thành thị, Tổng cộng 1.085 mẫu Anh (4,39 km"", ""2"", ""):"", ""299 mẫu Anh (1,21 km"", ""2"", ""), khuôn viên"", ""University City"", "";"", ""694 mẫu Anh (2,81 km"", ""2"", ""),"", ""Trung tâm New Bolton"", "";"", ""92 mẫu Anh (0,37 km"", ""2"", ""),"", ""Morris Arboretum""], ""Màu"": [""Đỏ và Xanh dương"", ""["", ""8"", ""]""], ""Điền kinh"": [""NCAA Division I"", ""–"", ""Ivy League"", ""Philadelphia Big 5"", ""City 6""], ""Biệt danh"": ""Quakers"", ""Liên kết"": [""AAU"", ""COFHE"", ""NAICU"", ""568 Group"", ""URA""], ""Website"": ""upenn .edu""}"
Đại học Tübingen,"{""Loại"": ""Công lập"", ""Khẩu hiệu"": [""Attempto!"", ""(I venture / I dare)""], ""Thành lập"": ""1477"", ""Hiệu trưởng"": ""Bernd Engler"", ""Nhân viên"": ""~ 10.000 (bao gồm đội ngũ cán bộ bệnh viện)"", ""Số Sinh viên"": ""24.473 (11/2009) [ 1 ]"", ""Khuôn viên"": ""Thành thị"", ""Website"": ""www .uni-tuebingen .de /en""}"
Đại học Tổng hợp Sankt-Peterburg,"{""Loại"": ""công lập"", ""Khẩu hiệu"": [""Hic tuta perennat"", ""("", ""Here we stay in safety"", "")""], ""Thành lập"": ""1724 (1819)"", ""Hiệu trưởng"": ""Nikolai M. Kropachev"", ""Nhân viên"": ""11,854"", ""Số Sinh viên"": ""32.400"", ""Khuôn viên"": ""Thành thị và nông thôn"", ""Website"": ""www.спбгу.рф"", ""Sinh viên đại học"": ""26.872 [ 1 ]"", ""Sinh viên sau đại học"": ""5.566""}"
Đại học Texas tại Austin,"{""Tên cũ"": [""Đại học Texas"", ""(1881–1967)"", ""["", ""2"", ""]""], ""Khẩu hiệu"": ""Disciplina Praesidium Civitatis ( tiếng LatinH )"", ""Khẩu hiệu trong Tiếng Anh"": ""\""Education is the Guardian of the State\"" [ a ] [ 3 ]"", ""Loại hình"": ""Đại học nghiên cứu công lập"", ""Thành lập"": ""15 tháng 9 năm 1883 ; 142 năm trước ( 1883-09-15 )"", ""Tổ chức mẹ"": ""Hệ thống đại học Texas"", ""Công nhận"": ""SACS"", ""Liên kết học tập"": ""Hiệp hội Viện Đại học Mỹ ORAU UARC URA Space-grant"", ""Tài trợ"": [""19.72 tỷ đô la Mỹ ("", ""năm tài chính"", ""2023)"", ""(chỉ Đại học Texas tại Austin)"", ""["", ""4"", ""]"", ""47.47 tỷ đô la Mỹ (năm tài chính 2024)"", ""(toàn hệ thống đại học Texas)"", ""["", ""5"", ""]""], ""Kinh phí"": ""3.97 tỷ đô la Mỹ (năm tài chính 2024) [ 4 ]"", ""Viện trưởng"": ""Jim Davis (tạm thời) [ 6 ]"", ""Phó hiệu trưởng"": ""David Vanden Bout (tạm thời) [ 7 ]"", ""Giảng viên"": ""4,022 (kỳ thu năm 2022) [ 4 ]"", ""Nhân viên quản lý"": ""2,135 (kỳ thu năm 2023) [ 4 ]"", ""Tổng nhân viên"": ""27,754 (kỳ thu năm 2023) [ 4 ]"", ""Sinh viên"": ""53,082 (kỳ thu năm 2023) [ 4 ]"", ""Sinh viên đại học"": ""42,444 (kỳ thu năm 2023) [ 4 ]"", ""Sinh viên sau đại học"": ""10,638 (kỳ thu năm 2023) [ 4 ]"", ""Vị trí"": [""Austin"", "","", ""Texas"", "","", ""Hoa Kỳ"", ""30°17′06″B"", ""97°44′06″T"", ""﻿ / ﻿"", ""30,285°B 97,735°T"", ""﻿ /"", ""30.285; -97.735""], ""Khuôn viên"": ""Đô thị [ 8 ] , 431 mẫu Anh (1,74 km 2 )"", ""Tờ báo"": ""The Daily Texan"", ""Màu"": [""Burnt Orange và White"", ""["", ""9"", ""]""], ""Biệt danh"": ""Longhorns"", ""Liên kết thể thao"": ""NCAA Division I FBS - SEC [ 10 ]"", ""Linh vật"": ""Bevo Hook 'em"", ""Website"": ""utexas .edu""}"
Đại học Y khoa Hannover,{}
Đại học Oxford,"{""Loại"": ""Công lập"", ""Khẩu hiệu"": [""Dominus illuminatio mea"", ""("", ""Latinh"", "")"", ""Chúa là ánh sáng của tôi"", ""["", ""1"", ""]""], ""Thành lập"": ""Không rõ, giảng dạy từ cuối thế kỉ 11 (1096) [ 2 ]"", ""Hiệu trưởng"": ""Lord Chris Patten"", ""Số Sinh viên"": ""22.116 [ 5 ]"", ""Màu"": ""Xanh Oxford [ 6 ]"", ""Tài trợ"": ""3,772 tỉ bảng Anh (kể cả các trường thành viên) [ 3 ] [ 4 ]"", ""Website"": ""ox.ac.uk"", ""Sinh viên đại học"": ""11.772 [ 5 ]"", ""Sinh viên sau đại học"": ""9.850 [ 5 ]""}"
Đại học Stanford,"{""Khẩu hiệu"": ""tiếng Đức : Die Luft der Freiheit weht [ 1 ]"", ""Khẩu hiệu trong Tiếng Anh"": ""Ngọn gió của tự do thổi qua (The wind of freedom blows) [ 1 ]"", ""Loại hình"": ""Đại học nghiên cứu đại học tư thục tư thục"", ""Thành lập"": ""1891 ( 1891 ) [ 2 ] [ 3 ]"", ""Sáng lập"": ""Leland và Jane Stanford"", ""Tài trợ"": ""26,5 tỷ USD (2018) [ 4 ]"", ""Viện trưởng"": ""Marc Tessier-Lavigne"", ""Phó hiệu trưởng"": ""Persis Drell"", ""Giảng viên"": ""2.219 [ 5 ]"", ""Nhân viên quản lý"": ""12.508 [ 6 ] excluding SHC"", ""Sinh viên"": ""16.520"", ""Sinh viên đại học"": ""7.083 [ 5 ]"", ""Sinh viên sau đại học"": ""9.437 [ 5 ]"", ""Vị trí"": [""Stanford"", "","", ""California"", "","", ""Hoa Kỳ""], ""Khuôn viên"": ""Suburban , 8.180 mẫu Anh (12,8 dặm vuông Anh; 33,1 km 2 ) [ 5 ]"", ""Học kỳ"": ""Quarter"", ""Màu"": [""Đỏ thắm và trắng"", ""["", ""8"", ""]""], ""Biệt danh"": ""Cardinal"", ""Liên kết thể thao"": [""NCAA Division I FBS"", ""Pac-12"", ""(primary)"", ""IRA"", ""PCCSC"", ""MPSF""], ""Linh vật"": ""Không [ 9 ]"", ""Website"": ""www .stanford .edu""}"
Đại học Wyoming,"{""Tọa độ"": ""41°18′47″B 105°34′53″T ﻿ / ﻿ 41,31306°B 105,58139°T ﻿ / 41.31306; -105.58139"", ""Loại"": [""Đại học công lập"", ""Flagship university"", ""Land-grant university""], ""Thành lập"": ""1886"", ""Hiệu trưởng"": ""Dr. Dick McGinity [ 3 ]"", ""Nhân viên"": ""1,846 [ 2 ]"", ""Giảng viên"": ""1,151 [ 2 ]"", ""Số Sinh viên"": ""13,992 [ 4 ]"", ""Khuôn viên"": ""Vùng tiểu đô thị Hoa Kỳ"", ""Màu"": ""Nâu và Vàng"", ""Linh vật"": [""Cowboy Joe"", ""Pistol Pete""], ""Biệt danh"": ""Wyoming Cowboys and Cowgirls"", ""Tài trợ"": ""$337.5 triệu (2012) [ 1 ]"", ""Website"": ""uwyo .edu"", ""Thành viên"": ""Association of Public and Land-grant Universities""}"
Đại học Villanova,"{""Tên cũ"": ""Học viện Thánh Augustinô (1811–) Trường Villanova Dòng Thánh Augustinô (1842–1953)"", ""Khẩu hiệu"": ""Veritas, Unitas, Caritas ( tiếng Latinh )"", ""Khẩu hiệu trong Tiếng Anh"": ""\""Truth, Unity, Love\"""", ""Loại hình"": ""Đại học nghiên cứu tư thục"", ""Thành lập"": ""1842 ; 183 năm trước ( 1842 )"", ""Sáng lập"": ""Dòng Thánh Augustinô"", ""Tôn giáo"": ""Công giáo ( Dòng Thánh Augustinô )"", ""Liên kết học tập"": ""ACCU ASEA NAICU PCRC Space-grant"", ""Tài trợ"": ""1,31 tỷ đô la Mỹ (2024) [ 1 ]"", ""Viện trưởng"": ""Peter M. Donohue"", ""Sinh viên đại học"": ""6,791"", ""Sinh viên sau đại học"": ""3,108"", ""Vị trí"": [""Villanova"", "","", ""Pennsylvania"", "","", ""Hoa Kỳ"", ""40°02′16″B"", ""75°20′15″T"", ""﻿ / ﻿"", ""40,03771°B 75,33755°T"", ""﻿ /"", ""40.03771; -75.33755""], ""Khuôn viên"": ""Ngoại ô [ 2 ] , 408 mẫu Anh (165 ha)"", ""Khuôn viên khác"": ""Radnor"", ""Tờ báo"": ""The Villanovan"", ""Màu"": [""Xanh và trắng"", ""["", ""3"", ""]""], ""Biệt danh"": ""Wildcats"", ""Liên kết thể thao"": ""NCAA Division I – Big East Big 5 CAA Football"", ""Linh vật"": [""Will D. Cat (hiện tại)"", ""Count Villan (former)"", ""["", ""4"", ""]""], ""Website"": ""villanova .edu""}"
Đại học Miami (Florida),"{""Khẩu hiệu"": ""Magna est veritas ( Latin )"", ""Khẩu hiệu trong Tiếng Anh"": ""\""Sự thật vĩ đại\"""", ""Loại hình"": ""Trường đại học tư thục trường nghiên cứu"", ""Thành lập"": [""8 tháng 4 năm 1925"", "";"", ""100 năm trước"", ""("", ""1925-04-08"", "")""], ""Công nhận"": ""SACSCOC và 24 tổ chức khác [ 1 ]"", ""Liên kết học tập"": ""AAU ICUF NAICU [ 2 ] ORAU Sea-grant Space-grant"", ""Tài trợ"": ""$1.37 tỷ (2023) [ 3 ]"", ""Kinh phí"": ""$5.2 tỷ (2024) [ 4 ]"", ""Viện trưởng"": ""Joe Echevarria"", ""Phó hiệu trưởng"": ""Guillermo Prado"", ""Giảng viên"": ""3,513 (mùa thu 2023) [ 4 ]"", ""Nhân viên quản lý"": ""15,491 (mùa thu 2023) [ 4 ]"", ""Sinh viên"": ""19,593 (mùa thu 2023) [ 4 ]"", ""Sinh viên đại học"": ""12,570 (mùa thu 2023) [ 4 ]"", ""Sinh viên sau đại học"": ""6,710 (mùa thu 2023) [ 4 ]"", ""Vị trí"": [""Coral Gables"", ""-"", ""Miami"", "","", ""Florida"", "","", ""Hoa Kỳ"", ""25°43′18″B"", ""80°16′45″T"", ""﻿ / ﻿"", ""25,7216°B 80,2793°T"", ""﻿ /"", ""25.7216; -80.2793""], ""Khuôn viên"": ""Thành phố nhỏ [ 6 ] , 453 mẫu Anh (1,83 km 2 ) (tổng cộng) [ 5 ]"", ""Báo chí"": ""The Miami Hurricane"", ""Màu"": [""Cam, trắng và xanh lá cây"", ""["", ""7"", ""]""], ""Biệt danh"": ""Bão Miami"", ""Liên kết thể thao"": ""NCAA Division I FBS – ACC"", ""Linh vật"": ""Sebastian the Ibis"", ""Website"": ""miami .edu""}"
Đại học Yale,"{""Loại"": ""tư thục"", ""Khẩu hiệu"": [""אורים ותמים ("", ""tiếng Hebrew"", "") ("", ""Urim"", ""và"", ""Thummim"", "")"", ""Lux et veritas"", ""("", ""tiếng Latin"", "")"", ""(Ánh sáng và Chân lý)""], ""Thành lập"": ""năm 1701"", ""Hiệu trưởng"": ""Peter Salovey [ 2 ]"", ""Giảng viên"": ""3 619 [ 3 ]"", ""Số Sinh viên"": ""11 732"", ""Khuôn viên"": ""Nội thị, 837 mẫu Anh (339 ha) kể cả Sân Golf Yale"", ""Màu"": ""Yale Blue [ 7 ]"", ""Biệt danh"": ""Bulldogs, Elis, Yalies [ 4 ] [ 5 ] [ 6 ]"", ""Tài trợ"": ""19,345 tỉ USD (2012) [ 1 ]"", ""Website"": ""yale.edu"", ""Sinh viên đại học"": ""5 414"", ""Sinh viên sau đại học"": ""6 318""}"
